"","ELEC_DATE","ELEC_TYPE","CITY","DISTRICT","ELEC_POP","ELEC_VOTER","ELEC_RESIGN","ELEC_TURNOUT","ELEC_REASON","ELEC_REASON_RE","ELEC_REASON_DES","ELEC_PARTY","ELEC_ELECTED","ELEC_GENDER","ELEC_SHARE","ELEC_NUMBER","RIVAL_PARTY","RIVAL_NAME","RIVAL_GENDER","RIVAL_SHARE","ELEC_COMPETE","ELEC_COMPETE1","ELEC_COMPETE2","ELEC_COMPETE3","ELEC_CANDINUM","ELEC_EFFECNUM","PRE_POP","PRE_VOTER","PRE_RESIGN","PRE_TURNOUT","PRE_PARTY","PRE_ELECTED","PRE_SHARE","PRE_RIVAL_SHARE","PRE_COMPETE","PRE_CANDINUM","POST_POP","POST_VOTER","POST_RESIGN","POST_TURNOUT","POST_PARTY","POST_ELECTED","POST_SHARE","POST_RIVAL_SHARE","POST_COMPETE","POST_CANDINUM","GENERAL_DATE","GENERAL_DIFF","GENERAL_TENURE","PRESIDENT_DATE","PRESIDENT_DIFF","LOCAL_DATE","LOCAL_DIFF","NATL_DATE","NATL_DIFF","PRESIDENT_TENURE","PRESIDENT_POSITIVE","PRESIDENT_NEGATIVE","REGIONALISM","RULINGPARTY","RULINGAPPROVAL","PRE_ELEC_CANDI_DIFF","POST_ELEC_CANDI_DIFF","PRE_ELEC_SHIFT","POST_ELEC_SHIFT","PRE_ELEC_COMPETE_DIFF","POST_ELEC_COMPETE_DIFF","PRE_ELEC_SHIFT2","PRESIDENT","ELEC_RULING","ELEC_OPPOSITION","PREVOTE","METROPOL","CPI_grth","CPI_grthyearly","CPI_yearly"
"1",1989-04-14,"국회의원","강원도","동해시",57211,45234,11977,79.0652147314328,"당선무효",3,"대법원의 당선무효 판결로 의원직 상실","민주정의당","홍희표","남",57.8,2,"통일민주당","이관형","남",27.11,46.9031141868512,30.69,0.361441526321988,0.638558473678012,4,4,57226,47214,10012,82.5,"무소속","홍희표",32.39,31.6,97.5609756097561,5,60975,47060,13915,77.18,"통일국민당","김효영",46.28,34.61,74.7839239412273,3,1992-03-24,1075,2,1992-12-18,1344,1991-06-20,797,1991-06-20,797,3,41,45,"OTHERS",1,NA,1,-1,1,1,-50.6578614229049,-27.8808097543761,3,"노태우",0,0,0,2,5.2,5.7,37.4
"2",1989-08-18,"국회의원","서울시","영등포을",168812,117870,50942,69.823235315025,"당선무효",3,"선거무효(대한민국선거사 5집, p. 134)","민주정의당","나웅배","남",38.68,3,"평화민주당","이용희","남",30.04,77.6628748707342,8.64,0.125727590221187,0.874272409778813,6,5,162702,110352,52350,67.82,"민주정의당","김명섭",29.15,28.72,98.52487135506,4,175365,118800,56565,67.74,"민주자유당","나웅배",41.18,40.95,99.4414764448762,4,1992-03-24,949,2,1992-12-18,1218,1991-06-20,671,1991-06-20,671,3,28,41,"OTHERS",1,NA,-2,-2,1,1,-20.8619964843258,-21.7786015741419,1,"노태우",0,0,0,1,5.5,5.7,37.4
"3",1990-04-03,"국회의원","대구시","서구갑",132364,84644,47720,63.9479012420296,"사퇴",2,"5.18 발표책임자로 지목(대한민국 선거사 5집, p.154)","민주자유당","문희갑","남",51.55,2,"민주당","백승홍","남",42.5,82.4442289039767,9.05,0.0962254120148857,0.903774587985114,3,3,126408,97919,28489,77.46,"민주정의당","정호영",54.34,22.86,42.0684578579315,5,133591,98936,34655,74.06,"무소속","정호용",51.54,27.3,52.9685681024447,4,1992-03-24,721,1,1992-12-18,990,1991-06-20,443,1991-06-20,443,2,28,40,"TK",0,NA,2,1,1,1,40.3757710460452,29.475660801532,1,"노태우",1,0,0,1,8.7,8.6,40.6
"4",1990-04-03,"국회의원","충청북도","진천음성군",89987,70345,19642,78.1724026803872,"사망",1,"대한민국선거사 5집, p. 158","무소속","손학규","남",53.22,1,"민주자유당","민태구","남",44.31,83.2581736189403,8.91,0.0913565056905567,0.908643494309443,2,2,91198,77575,13623,85.06,"민주정의당","김완태",44.93,30.46,67.7943467616292,3,91089,73396,17693,80.58,"민주자유당","민태구",48.06,24.3,50.561797752809,7,1992-03-24,721,1,1992-12-18,990,1991-06-20,443,1991-06-20,443,2,28,40,"CH",0,NA,1,5,1,1,15.4638268573111,32.6963758661313,2,"노태우",0,0,0,3,8.7,8.6,40.6
"5",1990-11-09,"국회의원","전라남도","영광함평군",104352,73218,31134,70.1644434222631,"당선무효",3,"국보법위반으로 피선거권 상실(대한민국선거사 5집, p. 160)","평화민주당","이수인","남",75.37,1,"민주자유당","조기상","남",22.42,29.7465835212949,52.95,0.54146640760814,0.45853359239186,3,2,111644,87445,24199,78.32,"평화민주당","서경원",74.79,23.09,30.8731113785265,3,98258,72555,25703,73.84,"민주당","김인곤",59.29,25.22,42.5366840951257,5,1992-03-24,501,1,1992-12-18,770,1991-06-20,223,1991-06-20,223,2,28,55,"HONAM",0,NA,0,2,0,1,-1.1265278572316,-12.7901005738307,4,"노태우",0,1,0,3,8.6,8.6,40.6
"6",1993-04-23,"국회의원","부산시","동래구갑",218891,88537,130354,40.4479855270431,"사직",1,"대통령비서실장취임(대한민국선거사 5집, p.414)","민주자유당","강경식","남",81.59,2,"민주당","정인조","남",17.7,21.6938350288025,63.89,0.6434686272535,0.3565313727465,2,2,218453,142342,76111,65.16,"민주자유당","박관용",65.81,23.44,35.6176872815682,3,115862,68633,47229,59.24,"신한국당","박관용",63.75,23.67,37.1294117647059,4,1996-04-11,1084,2,1997-12-18,1700,1995-06-27,795,1995-06-27,795,4,70.9,13.9,"PK",1,58.8,1,2,1,0,-13.9238522527656,-15.4355767359033,1,"김영삼",1,0,0,1,4.8,4.8,49.4
"7",1993-04-23,"국회의원","부산시","사하구",242762,102300,140462,42.140038391511,"당선무효",3,"선거법위반으로 피선거권 상실(대한민국선거사 5집, p.414)","민주자유당","박종웅","남",52.43,1,"민주당","김정길","남",20.16,38.4512683578104,32.27,0.444551591128254,0.555448408871746,5,4,225744,154273,71471,68.34,"무소속","서석재",44.73,22.87,51.1289961994187,6,NA,NA,NA,NA,"신한국당",NA,NA,NA,NA,NA,1996-04-11,1084,2,1997-12-18,1700,1995-06-27,795,1995-06-27,795,4,70.9,13.9,"PK",1,58.8,1,-5,1,NA,-12.6777278416083,38.4512683578104,3,"김영삼",1,0,0,1,4.8,4.8,49.4
"8",1993-04-23,"국회의원","경기도","광명시",226493,93414,133079,41.2436587444204,"사망",1,"대한민국선거사 5집, p.414","민주자유당",NA,"남",44.62,1,"민주당","최정택","남",30.37,68.0636485880771,14.25,0.190025336711561,0.809974663288439,10,4,222575,154142,68433,69.25,"통일국민당","윤항렬",34.92,25.1,71.8785796105384,9,NA,NA,NA,NA,"새정치국민회의(갑)/신한국당(을)",NA,NA,NA,NA,NA,1996-04-11,1084,2,1997-12-18,1700,1995-06-27,795,1995-06-27,795,4,70.9,13.9,"OTHERS",1,58.8,-1,-10,1,NA,-3.81493102246127,68.0636485880771,3,"김영삼",0,0,0,2,4.8,4.8,49.4
"9",1993-06-11,"국회의원","강원도","명주양양군",69336,47484,21852,68.4839044652129,"사퇴",2,"재산축적의혹으로 사직(대한민국선거사 5집, p.417)","민주당","최욱철","남",48.22,1,"민주자유당","김명윤","남",40.75,84.5085026959768,7.47,0.0839608856918062,0.916039114308194,3,3,69116,55646,13470,80.51,"민주자유당","김문기",36.45,33.85,92.8669410150892,5,NA,NA,NA,NA,"자유민주연합(강릉시갑)/통합민주당(강릉시을)",NA,NA,NA,NA,NA,1996-04-11,1035,2,1997-12-18,1651,1995-06-27,746,1995-06-27,746,4,86.5,0.9,"OTHERS",0,26.6,2,-3,1,NA,-8.35843831911238,84.5085026959768,2,"김영삼",0,0,0,3,4.8,4.8,49.4
"10",1993-06-11,"국회의원","강원도","철원화천군",55062,36321,18741,65.9638225999782,"사퇴",2,"재산축적의혹으로 사직(대한민국선거사 5집, p.417)","민주자유당","이용삼","남",59.73,1,"신정치개혁당","이경희","남",21.1,35.3256320107149,38.63,0.477916615118149,0.522083384881851,3,3,54549,44074,10475,80.8,"민주자유당","김재순",36.48,32.7,89.6381578947369,4,NA,NA,NA,NA,"신한국당",NA,NA,NA,NA,NA,1996-04-11,1035,2,1997-12-18,1651,1995-06-27,746,1995-06-27,746,4,86.5,0.9,"OTHERS",1,26.6,1,-3,1,NA,-54.312525884022,35.3256320107149,1,"김영삼",0,0,0,3,4.8,4.8,49.4
"11",1993-06-11,"국회의원","경상북도","예천군",51906,37023,14883,71.3270142180095,"사퇴",2,"재산축적의혹으로 사직(대한민국선거사 5집, p.417)","민주자유당","반형식","남",48.44,2,"민주당","안희대","남",30.15,62.2419488026424,18.29,0.232726810026721,0.767273189973279,4,4,53377,41017,12360,76.84,"민주자유당","유학성",60.73,20.62,33.9535649596575,3,NA,NA,NA,NA,"신한국당",NA,NA,NA,NA,NA,1996-04-11,1035,2,1997-12-18,1651,1995-06-27,746,1995-06-27,746,4,86.5,0.9,"TK",1,26.6,-1,-4,1,NA,28.2883838429849,62.2419488026424,1,"김영삼",1,0,0,3,4.8,4.8,49.4
"12",1993-08-12,"국회의원","대구시","동구을",111179,66916,44263,60.1876253609045,"사퇴",2,"재산축적의혹으로 사직(대한민국선거사 5집, p.420)","무소속","서훈","남",45.14,1,"민주자유당","노동일","남",27.23,60.3234381922906,17.91,0.247478236838469,0.752521763161531,4,4,104451,70954,33497,67.93,"민주자유당","박준규",50.07,42.59,85.0609147193929,3,122741,69657,53084,56.75,"무소속","서훈",30.27,29.12,96.2008589362405,7,1996-04-11,973,2,1997-12-18,1589,1995-06-27,684,1995-06-27,684,4,79.2,4.2,"TK",0,26.6,-1,3,1,1,-24.7374765271022,-35.8774207439499,2,"김영삼",1,0,0,1,4.4,4.8,49.4
"13",1993-08-12,"국회의원","강원도","춘천시",123853,72469,51384,58.512107094701,"사망",1,"대한민국선거사 5집, p.420","민주자유당","유종수","남",37.2,1,"민주당","유남선","남",33.71,90.6182795698925,3.49,0.0492173177266958,0.950782682273304,5,5,117987,88550,29437,75.05,"통일국민당","손승덕",43.46,37.45,86.1711919005983,6,NA,NA,NA,NA,"신한국당(춘천갑)/자유민주연합(춘천을)",NA,NA,NA,NA,NA,1996-04-11,973,2,1997-12-18,1589,1995-06-27,684,1995-06-27,684,4,79.2,4.2,"OTHERS",1,26.6,1,-5,1,NA,4.44708766929421,90.6182795698925,3,"김영삼",0,0,0,2,4.4,4.8,49.4
"14",1994-08-02,"국회의원","대구시","수성갑",137261,63583,73678,46.3226990915118,"당선무효",3,"특별범죄가중처벌법위반으로 피선거권상실(대한민국선거사 5집, p. 423)","신민당","현경자","여",55.74,1,"민주자유당","정창화","남",26.45,47.4524578399713,29.29,0.356369388003407,0.643630611996593,12,3,132847,89021,43826,67.01,"민주자유당","박철언",58.81,26,44.2101683387179,4,153807,94589,59218,61.5,"자유민주연합","박철언",53.34,23.67,44.3757030371204,9,1996-04-11,618,1,1997-12-18,1234,1995-06-27,329,1995-06-27,329,3,33.8,20,"TK",0,19.8,-8,-3,1,1,3.24228950125338,3.07675480285093,2,"김영삼",1,0,0,1,7.4,6.3,52.5
"15",1994-08-02,"국회의원","강원도","영월평창군",73069,46081,26988,63.0650481052156,"사망",1,"대한민국선거사 5집, p. 423","민주자유당","김기수","남",51.27,1,"민주당","신민선","남",19.1,37.2537546323386,32.17,0.457155037658093,0.542844962341907,5,5,75271,59659,15612,79.26,"민주자유당","심명보",46.63,26.1,55.9725498606048,5,72605,50135,22470,69.05,"신한국당","김기수",34.38,26.42,76.847004072135,11,1996-04-11,618,1,1997-12-18,1234,1995-06-27,329,1995-06-27,329,3,33.8,20,"OTHERS",1,19.8,0,6,0,1,-18.7187952282662,-39.5932494397964,1,"김영삼",0,0,0,3,7.4,6.3,52.5
"16",1994-08-02,"국회의원","경상북도","경주시",98865,49101,49764,49.6646942800789,"사망",1,"대한민국선거사 5집, p. 423","민주당","이상두","남",33.17,1,"민주자유당","임진출","여",32.11,96.8043412722339,1.06,0.0162377450980393,0.983762254901961,6,4,89230,67149,22081,75.25,"민주자유당","서수종",48.92,31.2,63.7775960752248,5,NA,NA,NA,NA,"무소속(경주시갑)/무소속(경주시을)",NA,NA,NA,NA,NA,1996-04-11,618,1,1997-12-18,1234,1995-06-27,329,1995-06-27,329,3,33.8,20,"TK",0,19.8,-1,-6,1,NA,33.0267451970091,96.8043412722339,2,"김영삼",1,0,0,2,7.4,6.3,52.5
"17",1997-03-05,"국회의원","인천시","서구",199035,74221,124814,37.2904263069309,"사망",1,"https://www.hankookilbo.com/News/Read/199701040089981270","새정치국민회의","조한천","남",57.27,1,"신한국당","조영장","남",32.43,56.6265060240964,24.84,0.276923076923077,0.723076923076923,3,3,193691,110198,83493,56.89,"새정치국민회의","조철구",31.1,28.97,93.1511254019293,6,193691,110198,83493,56.89,"새정치국민회의(서구강화갑)/새천년민주당(서구강화을)","조철구",34.17,31.22,91.3666959321042,NA,2000-04-13,1135,3,1997-12-18,288,1998-06-04,456,1997-12-18,288,0,14.6,33.3,"OTHERS",0,11.7,3,-3,1,1,-36.5246193778329,-34.7401899080078,4,"김영삼",0,0,0,1,4.5,4.4,60.1
"18",1997-03-05,"국회의원","경기도","수원시장안구",169346,55392,113954,32.7093642601538,"사망",1,"https://www.joongang.co.kr/article/3384931#home","자유민주연합","이태섭","남",51.96,4,"신한국당","이호정","남",28.92,55.6581986143187,23.04,0.28486646884273,0.71513353115727,6,3,168331,97943,70388,58.18,"자유민주연합","이병희",28.68,28.07,97.8730822873082,9,204583,106772,97811,52.19,"한나라당","박종희",40.41,35.72,88.3939618906211,NA,2000-04-13,1135,3,1997-12-18,288,1998-06-04,456,1997-12-18,288,0,14.6,33.3,"OTHERS",0,11.7,3,-6,1,1,-42.2148836729895,-32.7357632763024,4,"김영삼",0,0,0,2,4.5,4.4,60.1
"19",1997-07-24,"국회의원","경상북도","포항시북구",166075,104819,61256,63.1154598825832,"당선무효",3,"선거법위반으로 당선무효(https://www.donga.com/news/Politics/article/all/19970411/7246482/1)","무소속","박태준","남",45.68,4,"민주당","이기택","남",33.52,73.3800350262697,12.16,0.153535353535353,0.846464646464647,3,3,164962,112544,52418,68.22,"무소속","허화평",44.22,34.02,76.9335142469471,8,173013,107422,65591,62.09,"한나라당","이병석",63.53,30.47,47.9615929482134,3,2000-04-13,994,2,1997-12-18,147,1998-06-04,315,1997-12-18,147,0,8.7,72.6,"TK",0,11.7,5,0,1,1,-3.55347922067737,25.4184420780563,4,"김영삼",1,0,0,2,3.7,4.4,60.1
"20",1997-07-24,"국회의원","충청남도","예산군",77326,52935,24391,68.4569226392158,"당선무효",3,"12.12 및 5.18 관련으로 의원직상실(https://www.donga.com/news/article/all/19970417/7247980/1)","신한국당","오장섭","남",50.27,2,"자유민주연합","조종석","남",44.04,87.6069226178635,6.23,0.0660587424451278,0.933941257554872,2,2,78182,57805,20377,73.94,"자유민주연합","조정석",48.57,41.39,85.2172122709491,4,76534,49027,27507,64.06,"자유민주연합","오창섭",55.45,31.26,56.3751127141569,4,2000-04-13,994,2,1997-12-18,147,1998-06-04,315,1997-12-18,147,0,8.7,72.6,"CH",1,11.7,2,2,1,0,2.38971034691438,31.2318099037066,3,"김영삼",0,0,0,3,3.7,4.4,60.1
"21",1997-09-04,"국회의원","경기도","안양시만안구",180420,59763,120657,33.1243764549385,"사망",1,"https://news.kbs.co.kr/news/view.do?ncd=3776382","자유민주연합","김일주","남",56.14,1,"신한국당","박종근","남",30.23,53.8475240470253,25.91,0.299988421905754,0.700011578094246,3,3,179211,105335,73876,58.78,"자유민주연합","권수창",28.54,28.2,98.8086895585144,8,177356,94973,82383,53.55,"새천년민주당","이종걸",38.81,32.01,82.4787425921154,5,2000-04-13,952,2,1997-12-18,105,1998-06-04,273,1997-12-18,105,0,8.7,72.6,"OTHERS",0,11.7,5,2,1,1,-44.9611655114891,-28.6312185450901,4,"김영삼",0,0,0,2,4.2,4.4,60.1
"22",1997-12-28,"국회의원","광주시","동구",NA,NA,NA,NA,"사망",1,"신기하 의원이 대한항공 801편 추락 사고로 사망하여 광주 동구 의석이 궐석","새정치국민회의","이영일","남",NA,3,NA,NA,NA,NA,NA,NA,NA,NA,1,1,104310,66085,38225,63.35,"새정치국민회의","신기하",89.9,6.53,7.26362625139043,2,93191,55198,37993,59.23,"새천년민주당","김경천",55.75,32.84,58.9058295964126,3,2000-04-13,837,2,2002-12-19,1817,1998-06-04,158,1998-06-04,158,4,8.7,72.6,"HONAM",1,40,1,2,NA,NA,NA,NA,NA,"김영삼",0,1,NA,1,6.6,4.4,60.1
"23",1998-04-02,"국회의원","부산시","서구",123740,56496,67244,45.6570227897204,"당선무효",3,"한보사태로 의원직 상실(https://www.joongang.co.kr/article/3579073#home)","한나라당","정문화","남",38.1,1,"무소속","곽정출","남",20.5,53.8057742782152,17.6,0.300341296928328,0.699658703071672,10,6,128454,82120,46334,63.93,"신한국당","홍인길",54.43,23.66,43.4686753628514,9,118712,67906,50806,57.2,"한나라당","정문화",48.34,20.2,41.7873396772859,6,2000-04-13,742,2,2002-12-19,1722,1998-06-04,63,1998-06-04,63,4,84.8,1.4,"PK",0,40,-1,-4,1,1,10.3370989153639,12.0184346009293,2,"김대중",0,1,0,1,8.8,7.5,64.6
"24",1998-04-02,"국회의원","대구시","달성군",94605,56223,38382,59.429205644522,"사직",1,"쌍용그룹복귀( https://www.donga.com/news/Economy/article/all/19980209/7320746/1)","한나라당","박근혜","여",62.5,1,"새정치국민회의","엄삼탁","남",37.5,60,25,0.25,0.75,2,2,83838,53538,30300,63.86,"신한국당","김석원",62.71,32.78,52.2723648540903,3,98776,62738,36038,63.52,"한나라당","박근혜",61.39,38.6,62.8766900146604,2,2000-04-13,742,2,2002-12-19,1722,1998-06-04,63,1998-06-04,63,4,84.8,1.4,"TK",0,40,1,0,1,1,7.72763514590974,-2.87669001466038,2,"김대중",0,1,0,1,8.8,7.5,64.6
"25",1998-04-02,"국회의원","경상북도","문경시예천군",115655,76682,38973,66.3023647918378,"당선무효",3,"한보사태로 의원직 상실(https://www.joongang.co.kr/article/3579073#home)","한나라당","신영국","남",46.9,2,"자유민주연합","신국환","남",45.2,96.3752665245203,1.7,0.018458197611292,0.981541802388708,3,3,117837,91173,26664,77.37,"신한국당","황병태",34.77,34.02,97.8429680759275,7,114575,83553,31022,72.92,"한나라당","신영국",47.35,46.39,97.9725448785639,3,2000-04-13,742,2,2002-12-19,1722,1998-06-04,63,1998-06-04,63,4,84.8,1.4,"TK",0,40,4,0,1,1,-1.46770155140726,-1.59727835404361,2,"김대중",0,1,0,3,8.8,7.5,64.6
"26",1998-04-02,"국회의원","경상북도","의성군",63481,46896,16585,73.8740725571431,"당선무효",3,"선거법위반(https://www.donga.com/news/Politics/article/all/19971226/7310165/1)","한나라당","정창화","남",41.5,4,"자유민주연합","김상윤","남",37.3,89.8795180722892,4.2,0.0532994923857868,0.946700507614213,3,3,65154,52548,12606,80.65,"자유민주연합","김화남",40.13,34.68,86.419137802143,5,NA,NA,NA,NA,"한나라당(군위의성군)",NA,NA,NA,NA,NA,2000-04-13,742,2,2002-12-19,1722,1998-06-04,63,1998-06-04,63,4,84.8,1.4,"TK",0,33.5,2,-3,1,NA,3.46038027014613,89.8795180722892,4,"김대중",0,1,0,3,8.8,7.5,64.6
"27",1998-07-21,"국회의원","서울시","종로구",144375,48693,95682,33.7267532467532,"사직",2,"선거법위반조사(https://www.joongang.co.kr/article/3593128#home)","새정치국민회의","노무현","남",54.4,2,"한나라당","정인봉","남",43.5,79.9632352941177,10.9,0.111338100102145,0.888661899897855,3,2,150189,99365,50824,66.16,"신한국당","이명박",41,33.6,81.9512195121951,9,142070,81806,60264,57.58,"한나라당","정인봉",48.7,40,82.135523613963,9,2000-04-13,632,1,2002-12-19,1612,2002-06-13,1423,2000-04-13,632,4,65.3,6.9,"OTHERS",1,33.5,6,6,1,1,-1.98798421807747,-2.17228831984538,1,"김대중",0,0,0,1,7.3,7.5,64.6
"28",1998-07-21,"국회의원","서울시","서초구갑",141705,53223,88482,37.5590134434212,"사직",1,"서울시장출마(https://www.joongang.co.kr/article/3627829#home)","한나라당","박원홍","남",44.4,1,"자유민주연합","박준병","남",36.2,81.5315315315315,8.2,0.101736972704715,0.898263027295285,5,4,138217,83639,54578,60.51,"신한국당","최병렬",48.56,26.48,54.5304777594728,8,147327,80824,66503,54.86,"한나라당","박원홍",55.34,35.79,64.672930972172,5,2000-04-13,632,1,2002-12-19,1612,2002-06-13,1423,2000-04-13,632,4,65.3,6.9,"OTHERS",0,33.5,3,0,1,1,27.0010537720587,16.8586005593595,2,"김대중",0,0,0,1,7.3,7.5,64.6
"29",1998-07-21,"국회의원","부산시","해운대구기장군을",79932,46580,33352,58.2745333533503,"사직",1,"부산시장출마(https://www.mk.co.kr/news/home/view/1998/03/13222/)","자유민주연합","김동주","남",44.6,3,"한나라당","안경율","남",33,73.9910313901345,11.6,0.149484536082474,0.850515463917526,3,3,78988,56508,22480,71.54,"신한국당","김기재",52.12,34.48,66.1550268610898,4,126549,78256,48293,61.84,"한나라당","안경률",47.74,26.79,56.1164641809803,5,2000-04-13,632,1,2002-12-19,1612,2002-06-13,1423,2000-04-13,632,4,65.3,6.9,"PK",1,33.5,1,2,1,1,7.83600452904474,17.8745672091542,1,"김대중",0,1,0,1,7.3,7.5,64.6
"30",1998-07-21,"국회의원","대구시","북구갑",124200,49411,74789,39.7834138486312,"사직",1,"대구시장출마(https://www.joongang.co.kr/article/3639879#home)","한나라당","박승국","남",47.1,2,"자유민주연합","채병하","남",29.2,61.9957537154989,17.9,0.234600262123198,0.765399737876802,4,4,130624,81070,49554,62.06,"자유민주연합","이의익",41.93,30.61,73.0026234199857,8,130104,73866,56238,56.77,"한나라당","박승국",51.06,20.63,40.4034469251861,5,2000-04-13,632,1,2002-12-19,1612,2002-06-13,1423,2000-04-13,632,4,65.3,6.9,"TK",0,33.5,4,1,1,1,-11.0068697044868,21.5923067903129,2,"김대중",0,1,0,1,7.3,7.5,64.6
"31",1998-07-21,"국회의원","경기도","수원시팔달구",186116,48674,137442,26.1525070386211,"사망",1,"https://www.hankyung.com/news/article/1998031301931","한나라당","남경필","남",44.3,1,"새정치국민회의","박왕식","남",42.9,96.8397291196388,1.4,0.0160550458715596,0.98394495412844,5,4,151939,86676,65263,57.05,"신한국당","남평우",30.18,24.94,82.6375082836315,8,204643,106871,97772,52.22,"한나라당","남경필",48.92,39.89,81.5412919051513,5,2000-04-13,632,1,2002-12-19,1612,2002-06-13,1423,2000-04-13,632,4,65.3,6.9,"OTHERS",0,33.5,3,0,1,1,14.2022208360073,15.2984372144876,2,"김대중",0,0,0,2,7.3,7.5,64.6
"32",1998-07-21,"국회의원","경기도","광명시을",115923,58892,57031,50.8026879911666,"사직",1,"경기도지사출마(https://www.hankyung.com/politics/article/1998030601081)","새정치국민회의","조세형","남",51.1,4,"한나라당","전재희","여",48.9,95.6947162426614,2.2,0.022,0.978,2,2,117026,75233,41793,64.29,"신한국당","손학규",42.65,28.48,66.7760844079719,4,NA,NA,NA,NA,"한나라당(광명시)",NA,NA,NA,NA,NA,2000-04-13,632,1,2002-12-19,1612,2002-06-13,1423,2000-04-13,632,4,65.3,6.9,"OTHERS",1,33.5,2,-2,1,NA,28.9186318346896,95.6947162426614,1,"김대중",0,0,0,2,7.3,7.5,64.6
"33",1998-07-21,"국회의원","강원도","강릉시을",85160,46538,38622,54.6477219351808,"당선무효",2,"선거법위반으로 당선무효(https://www.hankyung.com/politics/article/1998032500201)","한나라당","조순","남",61.1,1,"무소속","최각규","남",28.2,46.1538461538462,32.9,0.368421052631579,0.631578947368421,4,3,82158,54723,27435,66.61,"통합민주당","최욱철",45.08,25.41,56.3664596273292,5,NA,NA,NA,NA,"한나라당(강릉시)",NA,NA,NA,NA,NA,2000-04-13,632,1,2002-12-19,1612,2002-06-13,1423,2000-04-13,632,4,65.3,6.9,"OTHERS",0,24.6,1,-4,1,NA,-10.212613473483,46.1538461538462,4,"김대중",0,0,0,2,7.3,7.5,64.6
"34",1999-03-30,"국회의원","서울시","구로구을",128734,52540,76194,40.8128388770643,"당선무효",2,"선거법위반으로 당선무효(https://www.joongang.co.kr/article/3736349#home)","새정치국민회의","한광옥","남",53.5,4,"한나라당","조은희","여",39.4,73.6448598130841,14.1,0.151776103336921,0.848223896663079,4,3,124965,77893,47072,62.33,"신한국당","이신행",45.04,39.52,87.7442273534636,5,135033,72369,62664,53.59,"새천년민주당","장영신",48.27,41.56,86.0990263103377,6,2000-04-13,380,1,2002-12-19,1360,2002-06-13,1171,2000-04-13,380,3,63,14,"OTHERS",1,24.6,1,2,1,1,-14.0993675403795,-12.4541664972536,1,"김대중",0,0,0,1,0.5,0.8,65.1
"35",1999-03-30,"국회의원","경기도","시흥시",167045,53868,113177,32.2475979526475,"사망",1,"https://www.joongang.co.kr/article/3752429#home","자유민주연합","김의재","남",52.5,1,"한나라당","장경우","남",47.5,90.4761904761905,5,0.05,0.95,2,2,96058,60721,35337,63.21,"통합민주당","제정구",42.94,27.92,65.0209594783419,4,193001,97275,95726,50.4,"새천년민주당","박병윤",40.07,37.86,94.4846518592463,5,2000-04-13,380,1,2002-12-19,1360,2002-06-13,1171,2000-04-13,380,3,63,14,"OTHERS",1,21.4,2,3,1,1,25.4552309978486,-4.00846138305583,3,"김대중",0,0,0,2,0.5,0.8,65.1
"36",1999-06-03,"국회의원","서울시","송파구갑",151243,70190,81053,46.4087594136588,"당선무효",3,"선거법위반(https://www.donga.com/news/Politics/article/all/19980902/7373868/1)","한나라당","이회창","남",61.5,2,"자유민주연합","김희완","남",36.9,60,24.6,0.25,0.75,3,2,149724,96308,53416,64.32,"신한국당","홍준표",43.28,33.18,76.6635859519408,4,230153,125551,104602,54.55,"한나라당","맹형규",54.77,37.18,67.8838780354208,6,2000-04-13,315,0,2002-12-19,1295,2002-06-13,1106,2000-04-13,315,3,35.9,18.7,"OTHERS",0,21.4,1,3,1,0,-16.6635859519408,-7.88387803542084,2,"김대중",0,0,0,1,0.5,0.8,65.1
"37",1999-06-03,"국회의원","인천시","계양구강화군갑",201320,70902,130418,35.2185575203656,"당선무효",3,"선거법위반(https://www.chosun.com/site/data/html_dir/1999/03/12/1999031270178.html)","한나라당","안상수","남",54.9,1,"새정치국민회의","송영길","남",41.8,76.1384335154827,13.1,0.135470527404343,0.864529472595657,3,3,221584,134820,86764,60.84,"새정치국민회의","이기문",32.37,26.93,83.1943157244362,6,NA,NA,NA,NA,"새천년민주당",NA,NA,NA,NA,NA,2000-04-13,315,0,2002-12-19,1295,2002-06-13,1106,2000-04-13,315,3,35.9,18.7,"OTHERS",0,19,3,-3,1,NA,-7.05588220895352,76.1384335154827,4,"김대중",0,0,0,1,0.5,0.8,65.1
"38",2001-10-25,"국회의원","서울시","동대문구을",140280,63999,76281,45.6223267750214,"선거무효",3,"선거법위반(https://www.chosun.com/site/data/html_dir/2001/06/01/2001060170377.html)","한나라당","홍준표","남",50.6,2,"새천년민주당","허민회","남",44.7,88.3399209486166,5.9,0.061909758656873,0.938090241343127,4,2,131916,77872,54044,59.03,"한나라당","김영구",45.06,45.05,99.9778073679538,5,137569,87523,50046,63.62,"한나라당","홍준표",42.69,41.41,97.0016397282736,5,2004-04-15,903,2,2002-12-19,420,2002-06-13,231,2002-06-13,231,1,19.7,62.7,"OTHERS",0,19,1,1,1,1,-11.6378864193372,-8.66171877965699,4,"김대중",0,0,0,1,3.4,4.1,69.3
"39",2001-10-25,"국회의원","서울시","구로구을",140493,55314,85179,39.3713565800431,"당선무효",3,"선거법위반(https://news.sbs.co.kr/news/endPage.do?news_id=N0300131917)","한나라당","이승철","남",49.42,1,"새천년민주당","김한길","남",42.74,86.483205180089,6.68,0.0724826388888889,0.927517361111111,6,2,135033,72369,62664,53.59,"새천년민주당","장영신",48.27,41.56,86.0990263103377,6,142680,91137,51543,63.88,"열린우리당","김한길",54.02,38.92,72.047389855609,4,2004-04-15,903,2,2002-12-19,420,2002-06-13,231,2002-06-13,231,1,19.7,62.7,"OTHERS",0,19,0,-2,0,1,0.384178869751352,14.43581532448,2,"김대중",0,0,0,1,3.4,4.1,69.3
"40",2001-10-25,"국회의원","강원도","강릉시",168830,69224,99606,41.0021915536338,"사직",3,"선거법위반(https://www.donga.com/news//article/all/20011214/7769396/1)","한나라당","최돈웅","남",41.4,3,"새천년민주당","김문기","남",13,31.4009661835749,28.4,0.522058823529412,0.477941176470588,5,5,166344,98327,68017,59.11,"한나라당","최돈웅",42.11,27.79,65.9938256946094,6,169603,97598,72005,57.54,"한나라당","심재엽",47.24,37.9,80.2286198137172,4,2004-04-15,903,2,2002-12-19,420,2002-06-13,231,2002-06-13,231,1,19.7,62.7,"OTHERS",0,15.8,1,-1,1,1,-34.5928595110345,-48.8276536301423,4,"김대중",0,0,0,2,3.4,4.1,69.3
"41",2002-08-08,"국회의원","서울시","종로구",141008,40774,100234,28.9160898672416,"당선무효",3,"선거법위반(https://news.sbs.co.kr/news/endPage.do?news_id=N0311168848)","한나라당","박진","남",50.31,1,"무소속","정홍진","남",23.78,47.2669449413635,26.53,0.358078013227156,0.641921986772844,4,4,142070,81806,60264,57.58,"한나라당","정인봉",48.7,40,82.135523613963,9,137653,88123,49530,64.02,"한나라당","박진",42.8,42.1,98.3644859813084,7,2004-04-15,616,1,2002-12-19,133,2006-05-31,1392,2002-12-19,133,0,19.7,62.7,"OTHERS",0,15.8,5,3,1,1,-34.8685786725995,-51.0975410399449,4,"김대중",0,0,0,1,2.4,2.8,71.2
"42",2002-08-08,"국회의원","서울시","금천구",190882,46304,144578,24.2579185046259,"당선무효",3,"선거법위반(https://news.kbs.co.kr/news/view.do?ncd=283896)","한나라당","이우재","남",54.04,2,"새천년민주당","이목희","남",20.39,37.7313101406366,33.65,0.452102646782211,0.547897353217789,5,5,192926,104105,88821,53.96,"새천년민주당","장성민",45.87,39.96,87.1157619359058,6,197115,118153,78962,59.94,"열린우리당","이목희",42.49,37.44,88.1148505530713,5,2004-04-15,616,1,2002-12-19,133,2006-05-31,1392,2002-12-19,133,0,19.7,62.7,"OTHERS",0,15.8,1,0,1,1,-49.3844517952693,-50.3835404124347,2,"김대중",0,0,0,1,2.4,2.8,71.2
"43",2002-08-08,"국회의원","서울시","영등포을",161244,38667,122577,23.9804271786857,"사직",1,"서울시장출마(https://www.joongang.co.kr/article/4232041#home)","한나라당","권영세","남",54.91,1,"새천년민주당","장기표","남",37.74,68.7306501547988,17.17,0.185321100917431,0.814678899082569,5,4,163904,84170,79734,51.35,"새천년민주당","김민석",60.39,28.98,47.9880774962742,5,157628,96461,61167,61.2,"한나라당","권영세",43.38,41.67,96.0580912863071,4,2004-04-15,616,1,2002-12-19,133,2006-05-31,1392,2002-12-19,133,0,19.7,62.7,"OTHERS",0,15.8,0,-1,0,1,20.7425726585246,-27.3274411315083,2,"김대중",0,0,0,1,2.4,2.8,71.2
"44",2002-08-08,"국회의원","부산시","부산진갑",168903,49212,119691,29.1362498001812,"당선무효",3,"선거법위반(https://www.joongang.co.kr/article/4304254#home)","한나라당","김병호","남",50.06,1,"무소속","하계열","남",40.75,81.4023172193368,9.31,0.10252174870609,0.89747825129391,3,3,165604,92539,73065,55.88,"한나라당","정재문",58.53,24.81,42.3885187083547,5,164806,103227,61579,62.64,"한나라당","김병호",55.59,36.98,66.5227558913473,4,2004-04-15,616,1,2002-12-19,133,2006-05-31,1392,2002-12-19,133,0,19.7,62.7,"PK",0,15.8,2,1,1,1,39.0137985109821,14.8795613279894,4,"김대중",0,1,0,1,2.4,2.8,71.2
"45",2002-08-08,"국회의원","부산시","해운대기장갑",217764,40852,176912,18.7597582704212,"사망",1,"https://www.mk.co.kr/news/home/view/2002/01/3814/","한나라당","서병수","남",69.56,1,"새천년민주당","최인호","남",20,28.7521564117309,49.56,0.553372041089772,0.446627958910228,4,3,211134,109572,101562,51.9,"한나라당","손태인",65.79,21.45,32.6037391700866,3,220815,131462,89353,59.53,"한나라당","서병수",55.55,44.44,80,2,2004-04-15,616,1,2002-12-19,133,2006-05-31,1392,2002-12-19,133,0,19.7,62.7,"PK",0,15.8,-1,-2,1,1,-3.85158275835576,-51.2478435882691,4,"김대중",0,1,0,1,2.4,2.8,71.2
"46",2002-08-08,"국회의원","인천시","서구 강화군을",92019,31251,60768,33.9614644801617,"당선무효",3,"선거법위반(https://www.joongang.co.kr/article/4295896)","한나라당","이경재","남",73.57,2,"새천년민주당","신동근","남",26.43,35.9249694168819,47.14,0.4714,0.5286,2,2,85559,55127,30432,64.43,"새천년민주당","박용호",51.82,48.17,92.9563874951756,2,91690,55954,35736,61.03,"한나라당","이경재",47.47,38.98,82.1150200126396,5,2004-04-15,616,1,2002-12-19,133,2006-05-31,1392,2002-12-19,133,0,19.7,62.7,"OTHERS",0,15.8,0,3,0,1,-57.0314180782937,-46.1900505957577,2,"김대중",0,0,0,1,2.4,2.8,71.2
"47",2002-08-08,"국회의원","광주시","광주 북구갑",150683,33821,116862,22.4451331603432,"사직",1,"광주시장출마(https://www.joongang.co.kr/article/4286320#home)","새천년민주당","김상현","남",55.9,6,"무소속","변형","남",20.61,36.8694096601073,35.29,0.46124689583061,0.53875310416939,5,4,154329,79161,75168,51.29,"새천년민주당","박광태",75.49,19.9,26.3611074314479,4,149318,86471,62847,57.91,"열린우리당","강기정",59.82,33.87,56.6198595787362,4,2004-04-15,616,1,2002-12-19,133,2006-05-31,1392,2002-12-19,133,0,19.7,62.7,"HONAM",1,15.8,-1,-1,1,1,10.5083022286595,-19.7504499186289,1,"김대중",1,0,0,1,2.4,2.8,71.2
"48",2002-08-08,"국회의원","경기도","광명시",241995,73548,168447,30.3923634785843,"사직",1,"경기도지사출마(https://www.donga.com/news/article/all/20020526/7823256/1)","한나라당","전재희","여",56.36,2,"새천년민주당","남궁진","남",41.99,74.5031937544358,14.37,0.146110828673106,0.853889171326894,3,2,233821,140130,93691,59.93,"한나라당","손학규",47.35,46.03,97.2122492080253,3,NA,NA,NA,NA,"열린우리당(광명시 갑)/한나라당(광명시 을)",NA,NA,NA,NA,NA,2004-04-15,616,1,2002-12-19,133,2006-05-31,1392,2002-12-19,133,0,19.7,62.7,"OTHERS",0,15.8,0,-3,0,NA,-22.7090554535896,74.5031937544358,4,"김대중",0,0,0,2,2.4,2.8,71.2
"49",2002-08-08,"국회의원","경기도","하남시",91247,33082,58165,36.2554385349655,"당선무효",3,"선거법위반(https://www.joongang.co.kr/article/4283318#home)","한나라당","김황식","남",44.3,1,"새천년민주당","문학진","남",35.32,79.7291196388262,8.98,0.112785732228083,0.887214267771917,4,4,86738,47687,39051,54.98,"한나라당","유성근",40.14,34.92,86.9955156950673,2,96080,57110,38970,59.44,"열린우리당","문학진",42.65,33.5,78.5463071512309,6,2004-04-15,616,1,2002-12-19,133,2006-05-31,1392,2002-12-19,133,0,19.7,62.7,"OTHERS",0,15.8,-2,2,1,1,-7.26639605624108,1.18281248759524,4,"김대중",0,0,0,2,2.4,2.8,71.2
"50",2002-08-08,"국회의원","경기도","안성시",105924,46122,59802,43.5425399342925,"사망",1,"https://news.sbs.co.kr/news/endPage.do?news_id=N0311187779","한나라당","이해구","남",53.95,4,"새천년민주당","김선미","여",46.05,85.3568118628359,7.90000000000001,0.0790000000000001,0.921,2,2,95908,60255,35653,62.83,"새천년민주당","심규섭",49.61,43.33,87.3412618423705,4,111888,66397,45491,59.34,"열린우리당","김선미",50.89,39.8,78.207899390843,4,2004-04-15,616,1,2002-12-19,133,2006-05-31,1392,2002-12-19,133,0,19.7,62.7,"OTHERS",0,15.8,2,2,1,0,-1.98444997953455,7.14891247199296,2,"김대중",0,0,0,2,2.4,2.8,71.2
"51",2002-08-08,"국회의원","전라북도","군산시",196732,65358,131374,33.2218449464246,"사직",1,"전북지사출마(https://news.sbs.co.kr/news/endPage.do?news_id=N0311233606)","새천년민주당","강봉균","남",58.11,1,"무소속","함운경","남",37.59,64.6876613319566,20.52,0.214420062695925,0.785579937304075,3,3,196339,112755,83584,57.43,"새천년민주당","강현욱",68.86,27.81,40.3862910252687,3,196229,108677,87552,55.38,"열린우리당","강봉균",78.28,12.69,16.2110373019928,3,2004-04-15,616,1,2002-12-19,133,2006-05-31,1392,2002-12-19,133,0,19.7,62.7,"HONAM",1,15.8,0,0,0,1,24.301370306688,48.4766240299638,1,"김대중",1,1,0,2,2.4,2.8,71.2
"52",2002-08-08,"국회의원","경상남도","마산합포구",155361,45944,109417,29.5724152135993,"당선무효",3,"선거법위반(https://www.joongang.co.kr/article/1111817#home)","한나라당","김정부","남",47.79,1,"무소속","한석태","남",26.47,55.3881565181,21.32,0.287099380554807,0.712900619445193,6,6,155560,88733,66827,57.04,"한나라당","김호일",52.48,31.62,60.2515243902439,6,NA,NA,NA,NA,"한나라당",NA,NA,NA,NA,NA,2004-04-15,616,1,2002-12-19,133,2006-05-31,1392,2002-12-19,133,0,19.7,62.7,"PK",0,15.8,0,-6,0,NA,-4.86336787214388,55.3881565181,4,"김대중",0,1,0,2,2.4,2.8,71.2
"53",2002-08-08,"국회의원","제주시","북제주군",74255,42783,31472,57.6163221331897,"당선무효",3,"선거법위반(https://www.joongang.co.kr/article/4304254#home)","한나라당","양정규","남",50.78,6,"새천년민주당","홍성제","남",49.22,96.927924379677,1.56,0.0156,0.9844,2,2,73973,54893,19080,74.21,"새천년민주당","장정언",55.23,39.79,72.0441788882854,4,NA,NA,NA,NA,"열린우리당(제주시북제주군을)",NA,NA,NA,NA,NA,2004-04-15,616,1,2002-12-19,133,2006-05-31,1392,2002-12-19,133,0,19.7,62.7,"OTHERS",0,28.6,2,-2,1,NA,24.8837454913917,96.927924379677,2,"김대중",0,0,0,2,2.4,2.8,71.2
"54",2002-12-19,"국회의원","울산시","중구",165033,113688,51345,68.8880405737034,"사망",1,"https://www.joongang.co.kr/article/4310152#home","한나라당","정갑윤","남",43.3,1,"국민통합21","전나명","남",31.5,72.7482678983834,11.8,0.157754010695187,0.842245989304813,5,4,155973,88904,67069,57,"한나라당","김태호",47.94,38.16,79.5994993742178,5,167321,97842,69479,58.48,"한나라당","정갑윤",46.77,33.03,70.6221937139192,6,2004-04-15,483,1,2002-12-19,0,2006-05-31,1259,2002-12-19,0,0,19.7,62.7,"PK",0,44,0,1,0,1,-6.85123147583438,2.1260741844642,4,"김대중",0,1,0,1,3.7,2.8,71.2
"55",2003-04-24,"국회의원","서울시","양천구을",170578,45081,125497,26.4283788061766,"사직",2,"선거법위반조사(https://news.kbs.co.kr/news/view.do?ncd=421220)","한나라당","오경훈","남",48.8,1,"새천년민주당","양재호","남",46.4,95.0819672131148,2.4,0.0252100840336134,0.974789915966387,3,3,161549,82921,78628,51.33,"새천년민주당","김영배",48.1,44.1,91.6839916839917,4,170008,102314,67694,60.18,"열린우리당","김낙순",40.02,39.6,98.9505247376312,4,2004-04-15,357,0,2007-12-19,1700,2006-05-31,1133,2004-04-15,357,4,72.1,11.3,"OTHERS",0,44,1,1,1,1,3.39797552912309,-3.86855752451642,2,"김대중",0,0,0,1,3.7,3.5,73.7
"56",2003-04-24,"국회의원","경기도","의정부시",274372,71230,203142,25.9611039027306,"사직",1,"비서실장임명(https://www.mk.co.kr/news/politics/view/2003/03/78645/)","한나라당","홍문종","남",50.2,2,"새천년민주당","강성종","남",41,81.6733067729084,9.2,0.100877192982456,0.899122807017544,5,4,241755,131800,109955,54.52,"새천년민주당","문희상",45.76,23.66,51.7045454545455,5,NA,NA,NA,NA,"열린우리당(의정부시갑)/열린우리당(의정부시을)",NA,NA,NA,NA,NA,2004-04-15,357,0,2007-12-19,1700,2006-05-31,1133,2004-04-15,357,4,72.1,11.3,"OTHERS",0,44,0,-5,0,NA,29.9687613183629,81.6733067729084,2,"김대중",0,0,0,2,3.7,3.5,73.7
"57",2003-04-24,"국회의원","경기도","고양시덕양구갑",135305,34630,100675,25.5940283064188,"당선무효",3,"선거법위반(https://news.kbs.co.kr/news/view.do?ncd=332627)","개혁당(개혁국민정당)","유시민","남",43.3,1,"한나라당","이국헌","남",39.1,90.3002309468822,4.2,0.0509708737864077,0.949029126213592,6,4,128009,68879,59130,53.81,"새천년민주당","곽치영",49.95,41.02,82.1221221221221,4,138950,84559,54391,60.86,"열린우리당","유시민",47.93,37.27,77.7592322136449,4,2004-04-15,357,0,2007-12-19,1700,2006-05-31,1133,2004-04-15,357,4,72.1,11.3,"OTHERS",0,23.2,-2,-2,1,1,8.17810882476012,12.5409987332373,2,"노무현",0,0,0,2,3.7,3.5,73.7
"58",2005-04-30,"국회의원","경기도","성남시중원구",204521,59511,145010,29.097745463791,"당선무효",3,"선거법위반(https://news.sbs.co.kr/news/endPage.do?news_id=N0311695899)","한나라당","신상진","남",34.7,1,"민주노동당","정형주","남",27.4,78.9625360230547,7.3,0.117552334943639,0.882447665056361,7,4,203254,110014,93240,54.13,"열린우리당","이상락",39.21,24.78,63.1981637337414,6,206957,81071,125886,39.17,"한나라당","신상진",42.96,36.61,85.2188081936685,5,2008-04-09,1075,2,2007-12-19,963,2006-05-31,396,2006-05-31,396,2,33,55,"OTHERS",0,23.2,-1,-2,1,1,15.7643722893133,-6.25627217061378,2,"노무현",0,0,0,2,3.1,2.8,78.4
"59",2005-04-30,"국회의원","경기도","포천시연천군",148781,56748,92033,38.1419670522446,"당선무효",3,"선거법위반(https://imnews.imbc.com/replay/2005/nwdesk/article/1930360_30781.html)","한나라당","고조흥","남",64.6,1,"열린우리당","장명재","남",26.1,40.4024767801858,38.5,0.424476295479603,0.575523704520397,3,3,147386,84830,62556,57.56,"열린우리당","이철우",43.43,40.81,93.9673037071149,4,158217,75197,83020,47.53,"한나라당","김영우",49.68,29.72,59.8228663446055,4,2008-04-09,1075,2,2007-12-19,963,2006-05-31,396,2006-05-31,396,2,33,55,"OTHERS",0,23.2,1,1,1,1,-53.5648269269291,-19.4203895644197,2,"노무현",0,0,0,3,3.1,2.8,78.4
"60",2005-04-30,"국회의원","충청남도","공주시연기군",163609,61963,101646,37.8726109199372,"당선무효",3,"선거법위반(https://news.sbs.co.kr/news/endPage.do?news_id=N0311713303)","무소속","정진석","남",43.3,2,"열린우리당","이병령","남",35.7,82.4480369515012,7.59999999999999,0.0962025316455696,0.90379746835443,6,6,161292,88855,72437,55.09,"열린우리당","오시덕",46.64,35.51,76.1363636363636,4,162699,76475,86224,47,"자유선진당","심대평",63.32,25.45,40.1926721415035,5,2008-04-09,1075,2,2007-12-19,963,2006-05-31,396,2006-05-31,396,2,33,55,"CH",0,23.2,-2,-1,1,1,6.31167331513753,42.2553648099977,2,"노무현",0,0,0,3,3.1,2.8,78.4
"61",2005-04-30,"국회의원","충청남도","아산시",149239,47705,101534,31.965504995343,"당선무효",3,"선거법위반(https://www.mk.co.kr/news/home/view/2005/03/89286/)","한나라당","이진구","남",42.4,1,"열린우리당","임좌순","남",25.3,59.6698113207547,17.1,0.252584933530281,0.747415066469719,4,6,141653,75112,66541,53.03,"열린우리당","복기왕",37.35,34.25,91.7001338688086,6,173908,78016,95892,44.86,"자유선진당","이명수",53.09,31.36,59.069504614805,4,2008-04-09,1075,2,2007-12-19,963,2006-05-31,396,2006-05-31,396,2,33,55,"CH",0,23.2,2,0,1,1,-32.0303225480538,0.60030670594967,2,"노무현",0,0,0,2,3.1,2.8,78.4
"62",2005-04-30,"국회의원","경상북도","영천시",86123,50872,35251,59.069005956597,"당선무효",3,"선거법위반(https://news.sbs.co.kr/news/endPage.do?news_id=N0311721077)","한나라당","정희수","남",51.3,1,"열린우리당","정동윤","남",48.7,94.9317738791423,2.59999999999999,0.0259999999999999,0.974,2,2,87643,55107,32536,62.88,"한나라당","이덕모",42.73,28.39,66.4404399719167,5,85779,41044,44735,47.85,"한나라당","정희수",81.99,9.72,11.8551042810099,3,2008-04-09,1075,2,2007-12-19,963,2006-05-31,396,2006-05-31,396,2,33,55,"TK",0,23.2,3,1,1,1,28.4913339072256,83.0766695981324,4,"노무현",0,1,0,2,3.1,2.8,78.4
"63",2005-04-30,"국회의원","경상남도","김해시갑",135199,46199,89000,34.1711107330676,"당선무효",3,"선거법위반(https://imnews.imbc.com/replay/2005/nwdesk/article/1930360_30781.html)","한나라당","김정권","남",61.3,1,"열린우리당","이정욱","남",35.4,57.7487765089723,25.9,0.267838676318511,0.732161323681489,3,3,130642,75560,55082,57.84,"열린우리당","김맹곤",47.47,44.24,93.1957025489783,5,149685,60047,89638,40.12,"한나라당","김정권",50.85,21.56,42.3992133726647,7,2008-04-09,1075,2,2007-12-19,963,2006-05-31,396,2006-05-31,396,2,33,55,"PK",0,23.5,2,4,1,1,-35.446926040006,15.3495631363076,2,"노무현",0,1,0,2,3.1,2.8,78.4
"64",2005-10-26,"국회의원","대구시","동구을",149794,70232,79562,46.8857230596686,"당선무효",3,"선거법위반(https://news.sbs.co.kr/news/endPage.do?news_id=N1000005334)","한나라당","유승민","남",52,1,"열린우리당","이강철","남",44.1,84.8076923076923,7.9,0.0822060353798127,0.917793964620187,5,2,141940,83122,58818,58.56,"한나라당","박창달",55.09,21.27,38.6095480123434,6,149326,67116,82210,44.95,"한나라당","유승민",84.43,11.94,14.141892692171,3,2008-04-09,896,2,2007-12-19,784,2006-05-31,217,2006-05-31,217,2,28,61,"TK",0,26.2,1,-2,1,1,46.1981442953489,70.6657996155213,4,"노무현",0,1,0,1,2.3,2.8,78.4
"65",2005-10-26,"국회의원","울산시","북구",96590,51412,45178,53.2270421368672,"당선무효",3,"선거법위반(http://www.ohmynews.com/NWS_Web/View/at_pg.aspx?CNTN_CD=A0000283509)","한나라당","윤두환","남",49.1,2,"민주노동당","정갑득","남",45.6,92.8716904276986,3.5,0.0369588173178458,0.963041182682154,3,3,87860,58501,29359,66.58,"민주노동당","조승수",46.9,34.4,73.3475479744136,4,110077,52642,57435,47.82,"한나라당","윤두환",46.2,31.8,68.8311688311688,4,2008-04-09,896,2,2007-12-19,784,2006-05-31,217,2006-05-31,217,2,28,61,"PK",0,26.2,1,1,1,1,19.5241424532849,24.0405215965297,4,"노무현",0,1,0,1,2.3,2.8,78.4
"66",2005-10-26,"국회의원","경기도","부천시원미구갑",133603,38662,94941,28.9379729497092,"당선무효",3,"선거법위반(https://news.sbs.co.kr/news/endPage.do?news_id=N0311757588)","한나라당","임해규","남",50.5,1,"열린우리당","이상수","남",33.5,66.3366336633663,17,0.202380952380952,0.797619047619048,6,5,127763,68284,59479,53.45,"열린우리당","김기석",46.65,33.76,72.3687031082529,4,138345,52165,86180,37.71,"한나라당","임해규",51.75,33.15,64.0579710144928,5,2008-04-09,896,2,2007-12-19,784,2006-05-31,217,2006-05-31,217,2,28,61,"OTHERS",0,26.2,-2,-1,1,1,-6.0320694448866,2.27866264887359,2,"노무현",0,0,0,2,2.3,2.8,78.4
"67",2005-10-26,"국회의원","경기도","광주시",158059,58045,100014,36.7236285184646,"당선무효",3,"선거법위반(https://news.kbs.co.kr/news/view.do?ncd=707102)","한나라당","정진섭","남",33.2,1,"무소속","홍사덕","남",30.9,93.0722891566265,2.3,0.0358814352574104,0.96411856474259,6,5,141745,84826,56919,59.84,"한나라당","박혁규",44.44,43.66,98.2448244824483,4,173590,69132,104458,39.82,"한나라당","정진섭",59.19,27.26,46.0550768710931,4,2008-04-09,896,2,2007-12-19,784,2006-05-31,217,2006-05-31,217,2,28,61,"OTHERS",0,26.2,-2,-2,1,1,-5.17253532582176,47.0172122855334,4,"노무현",0,0,0,2,2.3,2.8,78.4
"68",2006-07-26,"국회의원","서울시","성북구을",183174,52923,130251,28.8922008582004,"당선무효",3,"선거법위반(https://www.mk.co.kr/news/home/view/2006/02/52241/)","민주당","조순형","남",44.3,6,"한나라당","최수영","남",40.1,90.5191873589165,4.2,0.0497630331753554,0.950236966824645,4,4,182346,109268,73078,59.92,"열린우리당","신계륜",50.99,39.05,76.5836438517356,3,185356,81992,103364,44.23,"한나라당","김효재",47.25,17.62,37.2910052910053,5,2008-04-09,623,1,2007-12-19,511,2010-06-02,1407,2007-12-19,511,1,20,70,"OTHERS",0,20.5,-1,1,1,1,13.9355435071809,53.2281820679112,2,"노무현",0,0,0,1,2.4,2.2,80.2
"69",2006-07-26,"국회의원","서울시","송파구갑",150215,27215,123000,18.117365110009,"사직",1,"서울시장출마(https://www.donga.com/news/Politics/article/all/20060201/8270996/1)","한나라당","맹형규","남",76.8,4,"열린우리당","정기영","남",23.2,30.2083333333333,53.6,0.536,0.464,2,2,146979,95528,51451,64.99,"한나라당","맹형규",54.06,38.88,71.9200887902331,3,151571,65619,85952,43.29,"한나라당","박영아",61.61,35.77,58.0587566953417,3,2008-04-09,623,1,2007-12-19,511,2010-06-02,1407,2007-12-19,511,1,20,70,"OTHERS",0,20.5,1,1,1,1,-41.7117554568997,-27.8504233620083,4,"노무현",0,0,0,1,2.4,2.2,80.2
"70",2006-07-26,"국회의원","경기도","부천시소사구",171432,38828,132604,22.649213682393,"사직",1,"경기도지사출마(https://www.fnnews.com/news/200604241443360741)","한나라당","차명진","남",48,1,"열린우리당","김만수","남",30.3,63.125,17.7,0.226053639846743,0.773946360153257,5,3,157411,96151,61260,61.08,"한나라당","김문수",61.62,32.46,52.6777020447906,3,175130,75762,99368,43.26,"한나라당","차명진",50.45,36.17,71.6947472745292,6,2008-04-09,623,1,2007-12-19,511,2010-06-02,1407,2007-12-19,511,1,20,70,"OTHERS",0,20.5,-2,1,1,1,10.4472979552094,-8.56974727452923,4,"노무현",0,0,0,2,2.4,2.2,80.2
"71",2006-07-26,"국회의원","경상남도","마산시갑",151089,43504,107585,28.7936249495331,"당선무효",3,"선거법위반(https://www.chosun.com/site/data/html_dir/2006/05/13/2006051370059.html)","한나라당","이주영","남",47.5,2,"열린우리당","김성진","남",24.6,51.7894736842105,22.9,0.317614424410541,0.682385575589459,4,4,151666,92768,58898,61.17,"한나라당","김정부",53.68,27.03,50.3539493293592,5,148612,66866,81746,44.99,"한나라당","이주영",71.96,12.82,17.8154530294608,4,2008-04-09,623,1,2007-12-19,511,2010-06-02,1407,2007-12-19,511,1,20,70,"PK",0,20.5,1,0,1,1,1.43552435485136,33.9740206547497,4,"노무현",0,1,0,2,2.4,2.2,80.2
"72",2006-10-25,"국회의원","인천시","남동구을",139208,34365,104843,24.6860812596977,"피선거권상실",3,"정치자금법위반(https://www.joongang.co.kr/article/2448582#home)","한나라당","이원복","남",57.7,2,"민주노동당","배진교","남",18.5,32.0623916811092,39.2,0.514435695538058,0.485564304461942,5,4,141217,82292,58925,58.27,"열린우리당","이호웅",46.45,40.36,86.8891280947255,4,139487,60861,78626,43.63,"한나라당","조전혁",30.64,26.79,87.434725848564,7,2008-04-09,532,1,2007-12-19,420,2010-06-02,1316,2007-12-19,420,1,16,74,"OTHERS",0,19.3,-1,2,1,1,-54.8267364136163,-55.3723341674548,2,"노무현",0,0,0,1,2.2,2.2,80.2
"73",2006-10-25,"국회의원","전라남도","해남진도",98039,39673,58366,40.4665490264079,"피선거권상실",3,"통신보호법위반(https://m.pressian.com/m/pages/articles/81270)","민주당","채일병","남",62.5,1,"열린우리당","박양수","남",29.3,46.88,33.2,0.361655773420479,0.638344226579521,3,3,99563,64237,35326,64.52,"새천년민주당","이정일",55.47,39.73,71.6243014241932,4,NA,NA,NA,NA,"무소속(해남완도진도)",NA,NA,NA,NA,NA,2008-04-09,532,1,2007-12-19,420,2010-06-02,1316,2007-12-19,420,1,16,74,"HONAM",0,19.3,1,-3,1,NA,-24.7443014241932,46.88,2,"노무현",1,0,0,3,2.2,2.2,80.2
"74",2007-04-25,"국회의원","대전시","서구을",192161,66498,125663,34.6053569662939,"사망",1,"https://news.sbs.co.kr/news/endPage.do?news_id=N1000183620","국민중심당","심대평","남",60.2,1,"한나라당","이재선","남",37.1,61.6279069767442,23.1,0.237410071942446,0.762589928057554,3,2,186584,113768,72816,60.97,"열린우리당","구논회",41.7,27.21,65.2517985611511,6,191756,85519,106237,44.6,"자유선진당","이재선",41.37,26.41,63.8385303359923,6,2008-04-09,350,0,2007-12-19,238,2010-06-02,1134,2007-12-19,238,0,16,78,"CH",0,14.2,3,3,1,0,-3.62389158440689,-2.21062335924809,2,"노무현",1,0,0,1,2.5,2.5,82.2
"75",2007-04-25,"국회의원","경기도","화성시",241077,46581,194496,19.3220423350216,"피선거권상실",3,"정치자금법위반(https://www.hani.co.kr/arti/politics/politics_general/171026.html)","한나라당","고희선","남",57,1,"열린우리당","박봉현","남",30.9,54.2105263157895,26.1,0.296928327645051,0.703071672354949,3,3,176242,96765,79477,54.9,"열린우리당","안병엽",45.65,38.3,83.8992332968237,6,NA,NA,NA,NA,"한나라당(화성시갑)/한나라당(화성시을)",NA,NA,NA,NA,NA,2008-04-09,350,0,2007-12-19,238,2010-06-02,1134,2007-12-19,238,0,16,78,"OTHERS",0,14.2,3,-3,1,NA,-29.6887069810342,54.2105263157895,2,"노무현",0,0,0,2,2.5,2.5,82.2
"76",2007-04-25,"국회의원","전라남도","무안신안",90174,49011,41163,54.3515869319316,"피선거권상실",3,"정치자금법위반(https://www.joongang.co.kr/article/2545777#home)","민주당","김홍업","남",49.8,1,"무소속","이재현","남",30.3,60.8433734939759,19.5,0.243445692883895,0.756554307116105,7,3,90147,58134,32013,64.49,"새천년민주당","한화갑",57.52,39.61,68.8630041724618,3,91992,53400,38592,58.05,"무소속","이윤석",30.89,30.22,97.8310132729038,6,2008-04-09,350,0,2007-12-19,238,2010-06-02,1134,2007-12-19,238,0,16,78,"HONAM",0,14.2,-4,-1,1,1,-8.01963067848585,-36.9876397789279,2,"노무현",1,0,0,3,2.5,2.5,82.2
"77",2009-04-29,"국회의원","인천시","부평구을",213761,62118,151643,29.0595571689878,"선거무효",3,"선거법위반(https://www.donga.com/news/Politics/article/all/20090116/8684914/1)","민주당","홍영표","남",49.5,1,"한나라당","이재훈","남",39.1,78.989898989899,10.4,0.117381489841986,0.882618510158014,4,4,211636,89131,122505,42.12,"한나라당","구본철",43.5,38.15,87.7011494252874,5,219271,115092,104179,52.49,"민주통합당","홍영표",55.2,41.2,74.6376811594203,3,2012-04-11,1078,2,2012-12-19,1330,2010-06-02,399,2010-06-02,399,3,34,55,"OTHERS",0,34.7,1,-1,1,1,-8.71125043538837,4.35221783047871,2,"이명박",0,0,0,1,3.6,2.8,88.5
"78",2009-04-29,"국회의원","울산시","북구",116368,54378,61990,46.7293413996975,"선거무효",3,"선거법위반(https://www.hankookilbo.com/News/Read/200903152364109909)","진보신당","조승수","남",49.2,2,"한나라당","박대동","남",41.4,84.1463414634146,7.8,0.0860927152317881,0.913907284768212,3,3,110077,52642,57435,47.82,"한나라당","윤두환",46.2,31.8,68.8311688311688,4,132715,77313,55402,58.25,"새누리당","박대동",52.4,47.6,90.8396946564886,2,2012-04-11,1078,2,2012-12-19,1330,2010-06-02,399,2010-06-02,399,3,34,55,"PK",0,34.7,1,-1,1,1,15.3151726322458,-6.69335319307393,2,"이명박",1,0,0,1,3.6,2.8,88.5
"79",2009-04-29,"국회의원","전라북도","전주시완산구갑",123551,46693,76858,37.7924905504609,"선거무효",3,"선거법위반(https://news.kbs.co.kr/news/view.do?ncd=1685898)","무소속","신건","남",50.4,1,"민주당","이광철","남",32.3,64.0873015873016,18.1,0.218863361547763,0.781136638452237,7,3,122935,56112,66823,45.64,"무소속","이무영",53.09,40.75,76.7564513090978,5,123921,63629,60292,51.35,"민주통합당","김윤덕",52.08,16.21,31.1251920122888,5,2012-04-11,1078,2,2012-12-19,1330,2010-06-02,399,2010-06-02,399,3,34,55,"HONAM",0,34.7,-2,-2,1,1,-12.6691497217962,32.9621095750128,4,"이명박",0,1,0,2,3.6,2.8,88.5
"80",2009-04-29,"국회의원","전라북도","전주시덕진구",207845,79742,128103,38.3660901152301,"선거무효",3,"선거법위반(https://www.hankyung.com/politics/article/2008122499301)","무소속","정동영","남",72.3,3,"민주당","김근식","남",12.9,17.8423236514523,59.4,0.697183098591549,0.302816901408451,4,4,204170,89327,114843,43.75,"통합민주당","김세웅",49.12,37.32,75.9771986970684,5,216031,105152,110879,48.67,"민주통합당","김성주",62.52,21.9,35.0287907869482,5,2012-04-11,1078,2,2012-12-19,1330,2010-06-02,399,2010-06-02,399,3,34,55,"HONAM",0,34.7,1,1,1,1,-58.1348750456161,-17.1864671354959,4,"이명박",0,1,0,2,3.6,2.8,88.5
"81",2009-04-29,"국회의원","경상북도","경주시",211494,113684,97810,53.7528251392474,"선거무효",3,"선거법위반(https://www.hankyung.com/politics/article/2008122499301)","무소속","정수성","남",45.9,1,"한나라당","정종복","남",36.5,79.520697167756,9.4,0.114077669902913,0.885922330097087,7,5,211232,109525,101707,51.85,"친박연대","김일윤",47.22,42.04,89.0300720033884,4,213958,119712,94246,55.95,"새누리당","정수성",57.33,28.87,50.3575789290075,4,2012-04-11,1078,2,2012-12-19,1330,2010-06-02,399,2010-06-02,399,3,34,55,"TK",0,34.7,-3,-3,1,1,-9.5093748356324,29.1631182387485,4,"이명박",1,0,0,2,3.6,2.8,88.5
"82",2009-10-28,"국회의원","경기도","수원시장안구",217067,77793,139274,35.8382434916408,"선거무효",3,"선거법위반(https://news.imbc.com/replay/2009/nw1800/article/2437527_30539.html)","민주당","이찬열","남",49.2,1,"한나라당","박찬숙","여",42.7,86.7886178861789,6.5,0.0707290533188248,0.929270946681175,4,3,210021,91081,118940,43.37,"한나라당","박종희",58.84,38.2,64.9218218898708,3,NA,NA,NA,NA,"민주통합당(수원시갑)",NA,NA,NA,NA,NA,2012-04-11,896,2,2012-12-19,1148,2010-06-02,217,2010-06-02,217,3,36,55,"OTHERS",0,37.1,-1,-4,1,NA,21.866795996308,86.7886178861789,2,"이명박",0,0,0,2,2,2.8,88.5
"83",2009-10-28,"국회의원","경기도","안산시상록구을",118054,34535,83519,29.2535619292866,"선거무효",3,"선거법위반(https://www.donga.com/news/Society/article/all/20090326/8712604/1)","민주당","김영환","남",41.2,3,"한나라당","송진섭","남",33.2,80.5825242718447,8,0.10752688172043,0.89247311827957,7,4,115322,46855,68467,40.63,"친박연대","홍장표",32.21,28.09,87.2089413225706,6,125940,58480,67460,46.43,"민주통합당","김영환",59.58,40.41,67.8247734138973,2,2012-04-11,896,2,2012-12-19,1148,2010-06-02,217,2010-06-02,217,3,36,55,"OTHERS",0,37.1,-1,-5,1,1,-6.62641705072598,12.7577508579474,4,"이명박",0,0,0,2,2,2.8,88.5
"84",2009-10-28,"국회의원","강원도","강릉시",170329,68721,101608,40.3460362005296,"선거무효",3,"선거법위반(https://www.yna.co.kr/view/AKR20090723153600004)","한나라당","권선동","남",50.9,1,"무소속","송영철","남",33.8,66.4047151277014,17.1,0.201889020070838,0.798110979929162,4,3,170344,85274,85070,50.06,"무소속","최욱철",48.39,35.37,73.093614383137,7,173579,95494,78085,55.01,"새누리당","권성동",60.78,39.21,64.5113524185587,2,2012-04-11,896,2,2012-12-19,1148,2010-06-02,217,2010-06-02,217,3,36,55,"OTHERS",1,37.1,3,-2,1,1,-6.68889925543563,1.89336270914265,3,"이명박",0,0,0,2,2,2.8,88.5
"85",2009-10-28,"국회의원","충청북도","증평진천괴산음성군",174719,74926,99793,42.8837161384852,"피선거권상실",3,"배임수재(https://www.joongang.co.kr/article/3793248#home)","민주당","정범구","남",41.9,2,"한나라당","경대수","남",29.6,70.6443914081146,12.3,0.172027972027972,0.827972027972028,6,5,170301,84793,85508,49.79,"통합민주당","김종률",38.83,35.23,90.7288179242853,5,182519,97380,85139,53.35,"새누리당","경대수",53.66,46.33,86.3399180022363,2,2012-04-11,896,2,2012-12-19,1148,2010-06-02,217,2010-06-02,217,3,36,55,"CH",0,37.1,-1,-4,1,1,-20.0844265161708,-15.6955265941217,4,"이명박",0,1,0,3,2,2.8,88.5
"86",2009-10-28,"국회의원","경상남도","양산시",184691,81103,103588,43.9128057133266,"선거무효",3,"선거법위반(https://news.kbs.co.kr/news/view.do?ncd=1798413)","한나라당","박희태","남",38.1,6,"민주당","송인배","남",34.1,89.501312335958,4,0.0554016620498615,0.944598337950139,8,6,171714,69513,102201,40.48,"한나라당","허범도",38.99,33.37,85.5860477045396,7,204259,108617,95642,53.18,"새누리당","윤영석",52.3,47.69,91.1854684512428,2,2012-04-11,896,2,2012-12-19,1148,2010-06-02,217,2010-06-02,217,3,36,55,"PK",1,37.1,-1,-6,1,1,3.9152646314184,-1.68415611528484,1,"이명박",1,0,0,2,2,2.8,88.5
"87",2010-07-28,"국회의원","서울시","은평구을",207585,84013,123572,40.4716140376231,"당선무효",3,"선거법위반(http://mbiz.heraldcorp.com/view.php?ud=20091022000355)","한나라당","이재오","남",58.3,4,"민주당","장상","여",39.9,68.4391080617496,18.4,0.187372708757637,0.812627291242363,5,2,186121,93516,92605,50.24,"창조한국당","문국현",52.02,40.81,78.4505959246444,6,232939,128703,104236,55.25,"새누리당","이재오",49.5,48.4,97.7777777777778,3,2012-04-11,623,1,2012-12-19,875,2014-06-04,1407,2012-04-11,623,2,36,55,"OTHERS",1,37.7,1,-2,1,1,-10.0114878628948,-29.3386697160282,3,"이명박",0,0,0,1,2.5,2.9,91.1
"88",2010-07-28,"국회의원","인천시","계양구을",131281,30417,100864,23.1693847548389,"사직",1,"인천시장출마(https://www.asiae.co.kr/article/2010042614380158922)","한나라당","이상권","남",47.6,1,"민주당","김희갑","남",42.9,90.1260504201681,4.7,0.0519337016574586,0.948066298342541,4,3,122224,51786,70438,42.37,"통합민주당","송영길",46.09,41.14,89.2601431980907,5,137257,68161,69096,49.66,"민주통합당","최원식",56.3,43.7,77.619893428064,2,2012-04-11,623,1,2012-12-19,875,2014-06-04,1407,2012-04-11,623,2,49,41,"OTHERS",1,37.7,1,-2,1,1,0.865907222077368,12.5061569921041,3,"이명박",0,0,0,1,2.5,2.9,91.1
"89",2010-07-28,"국회의원","광주시","남구",165719,47561,118158,28.6997869888184,"사직",1,"광주시장출마(https://m.segye.com/view/20100507002119)","민주당","장병완","남",55.9,1,"민주노동당","오병윤","남",44.1,78.8908765652952,11.8,0.118,0.882,2,2,161077,75241,85836,46.71,"무소속","강운태",59.43,31.44,52.9025744573448,5,170963,87513,83450,51.19,"민주통합당","장병완",67.81,21.69,31.9864326795458,3,2012-04-11,623,1,2012-12-19,875,2014-06-04,1407,2012-04-11,623,2,49,41,"HONAM",0,37.7,3,1,1,1,25.9883021079504,46.9044438857494,4,"이명박",0,1,0,1,2.5,2.9,91.1
"90",2010-07-28,"국회의원","강원도","원주시",234761,67447,167314,28.730070156457,"사직",1,"강원도지사출마(https://news.sbs.co.kr/news/endPage.do?news_id=N1000772444)","민주당","박우순","남",43.1,1,"한나라당","이인섭","남",32,74.245939675174,11.1,0.14780292942743,0.85219707057257,3,3,223872,95755,128117,42.77,"한나라당","이계진",65.93,20.92,31.7306233884423,5,NA,NA,0,NA,"새누리당(원주시갑)/새누리당(원주시을)",NA,NA,NA,NA,NA,2012-04-11,623,1,2012-12-19,875,2014-06-04,1407,2012-04-11,623,2,49,41,"OTHERS",0,37.7,2,-3,1,NA,42.5153162867317,74.245939675174,2,"이명박",0,0,0,2,2.5,2.9,91.1
"91",2010-07-28,"국회의원","강원도","태백시영월군평창군정선군",142966,64453,78513,45.0827469468265,"사직",2,"박연차게이트의혹+강원도지사출마","민주당","최종원","남",55,1,"한나라당","염동열","남",45,81.8181818181818,10,0.1,0.9,2,2,144123,78685,65438,54.6,"통합민주당","이광재",54.57,42.99,78.7795492028587,3,144410,83048,61362,57.51,"새누리당","염동열",56.61,40,70.658894188306,3,2012-04-11,623,1,2012-12-19,875,2014-06-04,1407,2012-04-11,623,2,49,41,"OTHERS",0,37.7,1,1,1,1,3.03863261532311,11.1592876298759,4,"이명박",0,0,0,3,2.5,2.9,91.1
"92",2010-07-28,"국회의원","강원도","철원군화천군양구군인제군",98385,46679,51706,47.4452406362759,"사망",1,"https://www.joongang.co.kr/article/3977573#home","한나라당","한기호","남",42.5,1,"민주당","정만호","남",36.2,85.1764705882353,6.3,0.0800508259212198,0.91994917407878,5,5,96540,55255,41285,57.24,"통합민주당","이용삼",45,43.53,96.7333333333333,5,102474,58880,43594,57.46,"새누리당","한기호",63.23,36.76,58.1369603036533,2,2012-04-11,623,1,2012-12-19,875,2014-06-04,1407,2012-04-11,623,2,49,41,"OTHERS",1,37.7,0,-3,0,1,-11.556862745098,27.039510284582,3,"이명박",0,1,0,3,2.5,2.9,91.1
"93",2010-07-28,"국회의원","충청북도","충주시",161676,70433,91243,43.5642890719711,"사직",1,"충북도지사출마(http://www.cctoday.co.kr/news/articleView.html?idxno=539006)","한나라당","윤진식","남",63.7,1,"민주당","정기영","남",36.3,56.9858712715856,27.4,0.274,0.726,2,2,157660,81992,75668,52.01,"통합민주당","이시종",48.04,46.09,95.9408825978351,5,165481,82842,82639,50.06,"새누리당","윤진식",69.27,30.72,44.3482026851451,2,2012-04-11,623,1,2012-12-19,875,2014-06-04,1407,2012-04-11,623,2,49,41,"CH",1,37.7,3,0,1,1,-38.9550113262496,12.6376685864405,3,"이명박",0,1,0,2,2.5,2.9,91.1
"94",2010-07-28,"국회의원","충청남도","천안시을",222626,54058,168568,24.2819796429887,"사직",1,"충남도지사출마(https://www.yna.co.kr/view/AKR20100503129400063)","한나라당","김호연","남",46.9,1,"민주당","박완주","남",38.8,82.72921108742,8.1,0.0945157526254376,0.905484247374562,3,3,211251,86960,124291,41.16,"자유선진당","박상돈",42.8,35.79,83.6214953271028,5,208336,100718,107618,48.34,"민주통합당","박완주",41.91,40.02,95.4903364352183,3,2012-04-11,623,1,2012-12-19,875,2014-06-04,1407,2012-04-11,623,2,49,41,"CH",1,37.7,2,0,1,1,-0.892284239682766,-12.7611253477983,3,"이명박",0,1,0,2,2.5,2.9,91.1
"95",2011-04-27,"국회의원","경기도","성남시분당구을",166384,81634,84750,49.0636118857582,"사직",1,"비서실장임명(https://news.kbs.co.kr/news/view.do?ncd=2169400)","민주당","손학규","남",51,4,"한나라당","강재섭","남",48.3,94.7058823529412,2.7,0.027190332326284,0.972809667673716,3,2,166389,75291,91098,45.25,"한나라당","임태희",71.06,26.72,37.6020264565156,3,166604,100032,66572,60.04,"새누리당","전하진",52.59,43.12,81.9927742916904,4,2012-04-11,350,0,2012-12-19,602,2014-06-04,1134,2012-04-11,350,1,43,49,"OTHERS",0,35.5,0,1,0,1,57.1038558964256,12.7131080612508,2,"이명박",0,0,0,2,3.8,4,94.7
"96",2011-04-27,"국회의원","전라남도","순천시",204682,84046,120636,41.0617445598538,"당선무효",3,"정치자금법위반(https://www.yna.co.kr/view/AKR20110127108200004)","민주노동당","김선동","남",36.2,1,"무소속","조순용","남",21.7,59.9447513812155,14.5,0.250431778929188,0.749568221070812,7,6,196170,85081,111089,43.37,"통합민주당","서갑원",77.45,12.1,15.6229825693996,4,NA,NA,0,NA,"통합진보당(순천시곡성군)",NA,NA,NA,NA,NA,2012-04-11,350,0,2012-12-19,602,2014-06-04,1134,2012-04-11,350,1,43,49,"HONAM",0,35.5,-3,-7,1,NA,44.3217688118159,59.9447513812155,4,"이명박",0,1,0,2,3.8,4,94.7
"97",2011-04-27,"국회의원","경상남도","김해시을",210874,87529,123345,41.5077249921754,"당선무효",3,"정치자금법위반(https://www.hankyung.com/politics/article/2010120902921)","한나라당","김태호","남",51,1,"국민참여당","이봉수","남",49,96.078431372549,2,0.02,0.98,2,2,183038,83204,99834,45.46,"통합민주당","최철국",47.76,45.56,95.393634840871,4,215683,122225,93458,56.67,"새누리당","김태호",52.11,47.88,91.8825561312608,2,2012-04-11,350,0,2012-12-19,602,2014-06-04,1134,2012-04-11,350,1,43,49,"PK",1,35.5,2,0,1,1,0.684796531677989,4.19587524128822,3,"이명박",1,0,0,2,3.8,4,94.7
"98",2013-04-24,"국회의원","서울시","노원구병",162182,70531,91651,43.4887965372236,"의원직상실",3,"통신보호법위반(https://www.yna.co.kr/view/MYH20130214005900038)","무소속","안철수","남",42.581,1,"새누리당","허준영","남",32.78,76.9826918109016,9.801,0.130054006714348,0.869945993285652,5,3,162890,92116,70774,56.55,"진보정의당","노회찬",57.2,39.6,69.2307692307692,3,159717,103710,56007,64.93,"국민의당","안철수",52.3,31.3,59.8470363288719,6,2016-04-13,1085,2,2017-05-09,1476,2014-06-04,406,2014-06-04,406,4,42,23,"OTHERS",0,45.2,-2,1,1,1,7.75192258013234,17.1356554820297,4,"박근혜",0,0,1,1,1.3,1.3,98
"99",2013-04-24,"국회의원","부산시","영도구",118455,42667,75788,36.0195854966021,"당선무효",3,"선거법위반(https://news.jtbc.joins.com/article/article.aspx?news_id=NB10241326)","새누리당","김무성","남",65.72,5,"민주통합당","김비오","남",22.31,33.9470480827754,43.41,0.493127342951267,0.506872657048734,3,3,120682,63919,56763,52.96,"새누리당","이재균",43.8,37.64,85.9360730593607,4,NA,NA,0,NA,"새누리당(중구영도구)",NA,NA,NA,NA,NA,2016-04-13,1085,2,2017-05-09,1476,2014-06-04,406,2014-06-04,406,4,42,23,"PK",1,45.2,1,-3,1,NA,-51.9890249765853,33.9470480827754,1,"박근혜",1,0,1,1,1.3,1.3,98
"100",2013-04-24,"국회의원","충청남도","부여군청양군",89168,39386,49782,44.1705544589987,"당선무효",3,"선거법위반(https://www.joongang.co.kr/article/10811949)","새누리당","이완구","남",77.4,3,"민주통합당","황인석","남",16.86,21.7829457364341,60.54,0.642266072565245,0.357733927434755,3,3,89411,52555,36856,58.78,"새누리당","김근태",43.54,24.96,57.3265962333486,6,NA,NA,0,NA,"새누리당(공주시부여군청양군)",NA,NA,NA,NA,NA,2016-04-13,1085,2,2017-05-09,1476,2014-06-04,406,2014-06-04,406,4,42,23,"CH",1,45.2,3,-3,1,NA,-35.5436504969145,21.7829457364341,1,"박근혜",0,0,1,3,1.3,1.3,98
"101",2014-07-30,"국회의원","서울시","동작구을",167020,78172,88848,46.8039755717878,"사직",1,"서울시장출마(http://www.ksilbo.co.kr/news/articleView.html?idxno=453617)","새누리당","나경원","여",49.9,3,"정의당","노회찬","남",48.69,97.5751503006012,1.21,0.0122730500050715,0.987726949994928,3,2,154966,91981,62985,59.36,"새누리당","정몽준",50.8,44,86.6141732283465,3,161781,104201,57580,64.41,"새누리당","나경원",43.4,31.5,72.5806451612903,5,2016-04-13,623,1,2017-05-09,1014,2018-06-13,1414,2016-04-13,623,2,50,39,"OTHERS",1,42.1,0,2,0,1,10.9609770722547,24.9945051393109,1,"박근혜",0,0,1,1,1.6,1.3,99.3
"102",2014-07-30,"국회의원","부산시","해운대구기장군갑",247761,56670,191091,22.8728492377735,"사직",1,"부산시장출마(https://www.yna.co.kr/view/AKR20140403066200051)","새누리당","배덕광","남",65.6,1,"새정치민주연합","윤준호","남",34.39,52.4237804878049,31.21,0.312131213121312,0.687868786878688,2,2,244146,123972,120174,50.78,"새누리당","서병수",55.52,40.27,72.5324207492795,3,NA,NA,0,NA,"새누리당(해운대구갑)/새누리당(해운대구을)",NA,NA,NA,NA,NA,2016-04-13,623,1,2017-05-09,1014,2018-06-13,1414,2016-04-13,623,2,50,39,"PK",1,42.1,1,-2,1,NA,-20.1086402614747,52.4237804878049,1,"박근혜",1,0,1,1,1.6,1.3,99.3
"103",2014-07-30,"국회의원","광주시","광산구을",159974,35683,124291,22.3054996436921,"사직",1,"광주시장출마(http://www.dmorning.kr/news/articleView.html?idxno=21115)","새정치민주연합","권은희","여",60.61,1,"통합진보당","장원섭","남",26.37,43.5076720013199,34.24,0.393653713497356,0.606346286502644,5,4,140667,71998,68669,51.18,"민주통합당","이용섭",74.7,25.3,33.8688085676038,2,165038,101768,63270,61.66,"국민의당","권은희",50.1,43.3,86.4271457085828,6,2016-04-13,623,1,2017-05-09,1014,2018-06-13,1414,2016-04-13,623,2,50,39,"HONAM",0,42.1,-3,1,1,1,9.63886343371616,-42.9194737072629,4,"박근혜",0,1,1,1,1.6,1.3,99.3
"104",2014-07-30,"국회의원","대전시","대덕구",161571,52914,108657,32.7496889912175,"사직",1,"대전시장출마(https://www.fnnews.com/news/201405031514122409)","새누리당","정용기","남",57.41,1,"새정치민주연합","박영순","남",42.58,74.1682633687511,14.83,0.148314831483148,0.851685168516852,2,2,159106,81427,77679,51.18,"새누리당","박성효",50.2,31,61.7529880478088,3,158903,89803,69100,56.51,"새누리당","정용기",45.5,33.6,73.8461538461539,4,2016-04-13,623,1,2017-05-09,1014,2018-06-13,1414,2016-04-13,623,2,50,39,"CH",1,42.1,1,2,1,0,12.4152753209423,0.322109522597231,1,"박근혜",0,0,1,1,1.6,1.3,99.3
"105",2014-07-30,"국회의원","울산시","남구을",127789,37192,90597,29.1042264983684,"사직",1,"울산시장후보확정후사퇴(http://www.ksilbo.co.kr/news/articleView.html?idxno=450268)","새누리당","박맹우","남",55.81,1,"무소속","송철호","남",44.18,79.1614406020426,11.63,0.116311631163116,0.883688368836884,2,2,125773,67690,58083,53.82,"새누리당","김기현",56.6,36.2,63.9575971731449,4,126735,70186,56549,55.38,"새누리당","박맹우",43,40.6,94.4186046511628,3,2016-04-13,623,1,2017-05-09,1014,2018-06-13,1414,2016-04-13,623,2,50,39,"PK",1,42.1,2,1,1,1,15.2038434288978,-15.2571640491201,1,"박근혜",1,0,1,1,1.6,1.3,99.3
"106",2014-07-30,"국회의원","경기도","평택시을",201765,60203,141562,29.8381780784576,"당선무효",3,"선거법위반(https://www.hankyung.com/politics/article/2014011637888)","새누리당","유의동","남",52.05,1,"새정치민주연합","정장선","남",42.3,81.2680115273775,9.75,0.103338632750397,0.896661367249603,3,3,186095,90204,95891,48.47,"새누리당","이재영",44.94,42.65,94.9043168669337,5,218106,113141,104965,51.87,"새누리당","유의동",40.54,33.51,82.6591021213616,4,2016-04-13,623,1,2017-05-09,1014,2018-06-13,1414,2016-04-13,623,2,50,39,"OTHERS",1,42.1,2,1,1,1,-13.6363053395562,-1.39109059398409,1,"박근혜",0,0,1,2,1.6,1.3,99.3
"107",2014-07-30,"국회의원","경기도","수원시을",231436,62941,168495,27.1958554416772,"당선무효",3,"선거법위반(https://www.ytn.co.kr/_ln/0103_201401161033585457)","새누리당","정미경","여",55.69,2,"새정치민주연합","백혜련","여",38.2,68.5940025139163,17.49,0.186281819150069,0.813718180849931,4,3,220234,112748,107486,51.19,"민주통합당","신장용",40.53,33.23,81.9886503824328,5,186350,109288,77062,58.65,"더불어민주당","백혜련",47.14,36.97,78.4259652100127,4,2016-04-13,623,1,2017-05-09,1014,2018-06-13,1414,2016-04-13,623,2,50,39,"OTHERS",1,42.1,1,0,1,1,-13.3946478685164,-9.83196269609638,3,"박근혜",0,0,1,2,1.6,1.3,99.3
"108",2014-07-30,"국회의원","경기도","수원시병",202634,62467,140167,30.8275018012772,"사직",1,"경기도지사출마(https://m.nocutnews.co.kr/news/amp/4024057)","새누리당","김용남","남",52.81,1,"새정치민주연합","손학규","남",45.04,85.2868774853247,7.77,0.0794072560040879,0.920592743995912,6,2,201586,100038,101548,49.63,"새누리당","남경필",50.34,45.14,89.6702423520063,3,166543,89967,76576,54.02,"더불어민주당","김영진",53.93,46.06,85.407009085852,2,2016-04-13,623,1,2017-05-09,1014,2018-06-13,1414,2016-04-13,623,2,50,39,"OTHERS",1,42.1,-3,-4,1,1,-4.3833648666816,-0.120131600527301,1,"박근혜",0,0,1,2,1.6,1.3,99.3
"109",2014-07-30,"국회의원","경기도","수원시정",242639,75468,167171,31.1029966328579,"사직",1,"경기도지사출마(https://m.nocutnews.co.kr/news/amp/4024057)","새정치민주연합","박광온","남",52.67,1,"새누리당","임태희","남",45.7,86.7666603379533,6.97,0.0708549354477991,0.929145064552201,5,2,199491,113144,86347,56.72,"민주통합당","김진표",61.02,38.97,63.8643067846608,2,181891,113590,68301,62.45,"더불어민주당","박광은",46.34,31.37,67.695295640915,5,2016-04-13,623,1,2017-05-09,1014,2018-06-13,1414,2016-04-13,623,2,50,39,"OTHERS",0,42.1,-3,0,1,1,22.9023535532925,19.0713646970383,4,"박근혜",0,0,1,2,1.6,1.3,99.3
"110",2014-07-30,"국회의원","경기도","김포시",252605,90386,162219,35.7815561845569,"사직",1,"인천시장출마(https://www.yna.co.kr/view/AKR20140331139000065)","새누리당","홍철호","남",53.45,1,"새정치민주연합","김두관","남",43.1,80.6361085126286,10.35,0.10719834282755,0.89280165717245,5,2,201960,109657,92303,54.3,"새누리당","유정복",56.48,41.45,73.3888101983003,4,NA,NA,0,NA,"더불어민주당(김포시갑)/새누리당(김포시을)",NA,NA,NA,NA,NA,2016-04-13,623,1,2017-05-09,1014,2018-06-13,1414,2016-04-13,623,2,50,39,"OTHERS",1,42.1,-1,-5,1,NA,7.24729831432833,80.6361085126286,1,"박근혜",0,0,1,2,1.6,1.3,99.3
"111",2014-07-30,"국회의원","충청남도","서산시태안군",184944,61100,123844,33.0370274245177,"당선무효",3,"선거법위반(https://www.yna.co.kr/view/AKR20140610161400004)","새누리당","김제식","남",49.66,1,"새정치민주연합","조한기","남",37.76,76.0370519532823,11.9,0.136124456646076,0.863875543353924,3,3,177638,93088,84550,52.4,"자유선진당","성완종",42.55,29.12,68.4371327849589,3,190036,107012,83024,56.31,"새누리당","성일종",39.05,37.29,95.4929577464789,3,2016-04-13,623,1,2017-05-09,1014,2018-06-13,1414,2016-04-13,623,2,50,39,"CH",1,42.1,0,0,0,1,7.59991916832344,-19.4559057931966,3,"박근혜",0,0,1,3,1.6,1.3,99.3
"112",2014-07-30,"국회의원","충청북도","충주시",169252,55989,113263,33.08025902205,"사직",1,"충북지사출마(https://www.mk.co.kr/news/politics/view/2014/03/479911/)","새누리당","이종배","남",64.08,1,"새정치민주연합","한창희","남",29.6,46.1922596754057,34.48,0.368061485909479,0.631938514090521,3,3,165481,81831,83650,49.45,"새누리당","윤진식",69.27,30.72,44.3482026851451,2,171049,91439,79610,53.46,"새누리당","이종배",61,36.99,60.6393442622951,2,2016-04-13,623,1,2017-05-09,1014,2018-06-13,1414,2016-04-13,623,2,50,39,"CH",1,42.1,-1,-1,1,1,1.84405699026066,-14.4470845868893,1,"박근혜",0,0,1,2,1.6,1.3,99.3
"113",2014-07-30,"국회의원","전라남도","담양군함평군영광군장성군",158358,50021,108337,31.5872895591003,"사직",1,"전남지사출마(https://www.yna.co.kr/view/AKR20140312144801054)","새정치민주연합","이개호","남",81.29,1,"새누리당","이중효","남",18.7,23.0040595399188,62.59,0.625962596259626,0.374037403740374,2,2,156272,82618,73654,52.87,"민주통합당","이낙연",77.32,12.89,16.6709777547853,3,157678,98625,59053,62.55,"더불어민주당","이개호",49.84,45.52,91.3322632423756,4,2016-04-13,623,1,2017-05-09,1014,2018-06-13,1414,2016-04-13,623,2,50,39,"HONAM",0,42.1,1,2,1,0,6.3330817851335,-68.3282037024568,4,"박근혜",0,1,1,3,1.6,1.3,99.3
"114",2014-07-30,"국회의원","전라남도","나주시화순군",130346,45145,85201,34.6347413806331,"당선무효",3,"선거법위반(https://www.chosun.com/site/data/html_dir/2014/06/12/2014061201499.html)","새정치민주연합","신정훈","남",62.42,1,"새누리당","김종우","남",22.2,35.5655238705543,40.22,0.475301347199244,0.524698652800756,3,3,128755,75633,53122,58.74,"민주통합당","배기운",52.73,43.88,83.216385359378,4,138385,90142,48243,65.14,"국민의당","손금주",51.1,44.22,86.5362035225049,3,2016-04-13,623,1,2017-05-09,1014,2018-06-13,1414,2016-04-13,623,2,50,39,"HONAM",0,42.1,1,0,1,1,-47.6508614888237,-50.9706796519506,4,"박근혜",0,1,1,3,1.6,1.3,99.3
"115",2014-07-30,"국회의원","전라남도","순천시곡성군",242298,123522,118776,50.9793725082337,"피선거권상실",3,"화약류단속법위반(https://www.yna.co.kr/view/AKR20140612124251004)","새누리당","이정현","남",49.43,2,"새정치민주연합","서갑원","남",40.32,81.5698968237912,9.11,0.10150417827298,0.89849582172702,5,4,232783,141430,91353,60.76,"통합진보당","김선동",56.4,40.61,72.0035460992908,3,NA,NA,0,NA,"새누리당(순천시)/국민의당(광양시곡성군구례군)",NA,NA,NA,NA,NA,2016-04-13,623,1,2017-05-09,1014,2018-06-13,1414,2016-04-13,623,2,50,39,"HONAM",1,42.1,-2,-5,1,NA,9.56635072450044,81.5698968237912,3,"박근혜",0,1,1,3,1.6,1.3,99.3
"116",2015-04-29,"국회의원","서울시","관악구을",210381,77571,132810,36.8716756741341,"의원직상실",3,"정당해산(https://www.hankookilbo.com/News/Read/201412191340157297)","새누리당","오신환","남",43.89,1,"새정치민주연합","정태호","남",34.2,77.9220779220779,9.69,0.124087591240876,0.875912408759124,6,3,211859,113913,97946,53.77,"통합진보당","이상규",38.2,33.2,86.9109947643979,3,211095,124178,86917,58.83,"새누리당","오신환",37.1,36.4,98.1132075471698,5,2016-04-13,350,0,2017-05-09,741,2018-06-13,1141,2016-04-13,350,2,34,56,"OTHERS",1,33.6,-3,-1,1,1,-8.98891684231998,-20.1911296250919,3,"박근혜",0,0,1,1,0.4,0.7,100
"117",2015-04-29,"국회의원","인천시","서구강화군을",169442,61892,107550,36.5269531757179,"당선무효",3,"선거법위반(https://www.yna.co.kr/view/AKR20150312128451004)","새누리당","안상수","남",54.11,2,"새정치민주연합","신동근","남",42.86,79.209018665681,11.25,0.116015262452305,0.883984737547695,3,3,154994,86239,68755,55.64,"새누리당","안덕수",51.49,41.15,79.918430763255,4,NA,NA,0,NA,"더불어민주당(서구을)/무소속(중구동구강화군옹진군)",NA,NA,NA,NA,NA,2016-04-13,350,0,2017-05-09,741,2018-06-13,1141,2016-04-13,350,2,34,56,"OTHERS",1,33.6,1,-3,1,NA,-0.709412097573988,79.209018665681,1,"박근혜",0,0,1,1,0.4,0.7,100
"118",2015-04-29,"국회의원","광주시","서구을",123074,50529,72545,41.0557875749549,"의원직상실",3,"정당해산(https://www.hankookilbo.com/News/Read/201412191340157297)","무소속","천정배","남",52.37,5,"새정치민주연합","조영택","남",29.8,56.9028069505442,22.57,0.274674455397347,0.725325544602653,4,4,121395,72271,49124,59.53,"통합진보당","오병윤",52.4,39.7,75.763358778626,5,186131,101056,85075,54.29,"국민의당","천정배",54.5,31.5,57.7981651376147,6,2016-04-13,350,0,2017-05-09,741,2018-06-13,1141,2016-04-13,350,2,34,56,"HONAM",0,33.6,1,2,1,1,-18.8605518280818,-0.895358187070471,4,"박근혜",0,1,1,1,0.4,0.7,100
"119",2015-04-29,"국회의원","경기도","성남시중원구",209799,66137,143662,31.5239824784675,"의원직상실",3,"정당해산(https://www.hankookilbo.com/News/Read/201412191340157297)","새누리당","신상진","남",55.9,3,"새정치민주연합","정환석","남",35.63,63.7388193202147,20.27,0.221457445646236,0.778542554353764,3,3,206897,100304,106593,48.48,"통합진보당","김미희",46.77,46.11,98.5888389993586,7,210248,115794,94454,55.07,"새누리당","신상진",43.41,38.89,89.5876526146049,3,2016-04-13,350,0,2017-05-09,741,2018-06-13,1141,2016-04-13,350,2,34,56,"OTHERS",1,33.6,4,0,1,1,-34.8500196791439,-25.8488332943903,3,"박근혜",0,0,1,2,0.4,0.7,100
"120",2017-04-12,"국회의원","경상북도","상주시군위군의성군청송군",87605,45304,42301,51.7139432680783,"당선무효",3,"선거법위반(https://www.yna.co.kr/view/AKR20170209071400004)","자유한국당","김재원","남",47.53,3,"무소속","성윤환","남",28.73,60.4460340837366,18.8,0.24652504589562,0.75347495410438,6,4,182629,113521,69108,62.16,"새누리당","김종태",77.65,22.35,28.783000643915,2,NA,NA,0,NA,"미래통합당(상주시문경시)/미래통합당(군위군의성군청송군영덕군)",NA,NA,NA,NA,NA,2020-04-15,1099,3,2017-05-09,27,2018-06-13,427,2017-05-09,27,0,12,80,"TK",1,12.5,-4,-6,1,1,31.6630334398216,60.4460340837366,1,"문재인",0,1,1,3,2,1.9,102.9
"121",2018-06-13,"국회의원","서울시","노원구병",152393,93904,58489,61.6196281981456,"사직",1,"대통령출마(http://www.todaykorea.co.kr/news/articleView.html?idxno=243848)","더불어민주당","김성환","남",56.43,1,"바른미래당","이준석","남",27.23,48.254474570264,29.2,0.34903179536218,0.65096820463782,5,3,159717,103711,56006,64.93,"국민의당","안철수",52.3,31.3,59.8470363288719,6,151435,105415,46020,69.61,"더불어민주당","김성환",53.15,44.36,83.4619002822201,5,2020-04-15,672,1,2022-03-09,1365,2018-06-13,0,2018-06-13,0,3,68,23,"OTHERS",1,52,1,0,1,1,-11.5925617586079,-35.2074257119561,3,"문재인",0,0,1,1,1.5,1.5,104.5
"122",2018-06-13,"국회의원","서울시","송파구을",175448,110392,65056,62.9200674843828,"당선무효",3,"선거법위반(https://www.ytn.co.kr/_ln/0103_201712052254427112)","더불어민주당","최재성","남",54.41,4,"자유한국당","배현진","여",29.64,54.4752802793604,24.77,0.294705532421178,0.705294467578822,4,3,166803,97970,68833,58.73,"더불어민주당","최명길",44,39.54,89.8636363636364,4,199967,143935,56032,71.98,"미래통합당","배현진",50.46,46.04,91.2405866032501,5,2020-04-15,672,1,2022-03-09,1365,2018-06-13,0,2018-06-13,0,3,68,23,"OTHERS",1,52,0,1,0,1,-35.3883560842759,-36.7653063238897,3,"문재인",0,0,1,1,1.5,1.5,104.5
"123",2018-06-13,"국회의원","부산시","해운대구을",155910,90285,65625,57.9084086973254,"사직",2,"엘시티게이트(https://www.yna.co.kr/view/AKR20180515159000004)","더불어민주당","윤준호","남",50.15,1,"자유한국당","김대식","남",35.01,69.8105682951146,15.14,0.177782996712071,0.822217003287929,6,5,160777,83721,77056,52.07,"새누리당","배덕광",49.7,36.6,73.6418511066398,3,154630,103215,51415,66.75,"미래통합당","김미애",52.87,45.9,86.8167202572347,3,2020-04-15,672,1,2022-03-09,1365,2018-06-13,0,2018-06-13,0,3,68,23,"PK",1,52,-3,-3,1,1,-3.83128281152518,-17.0061519621201,1,"문재인",0,1,1,1,1.5,1.5,104.5
"124",2018-06-13,"국회의원","인천시","남동구갑",213738,116581,97157,54.5438808260581,"사직",1,"인천시장출마(https://www.yna.co.kr/view/AKR20180503109300065)","더불어민주당","맹성규","남",61.62,1,"자유한국당","윤형모","남",25.92,42.064264849075,35.7,0.407813570938999,0.592186429061001,4,4,210708,113569,97139,53.9,"더불어민주당","박남춘",50.6,33.2,65.6126482213439,4,219206,135352,83854,61.75,"더불어민주당","맹성규",54.38,44.44,81.721221037146,3,2020-04-15,672,1,2022-03-09,1365,2018-06-13,0,2018-06-13,0,3,68,23,"OTHERS",1,52,0,-1,0,1,-23.5483833722689,-39.656956188071,3,"문재인",0,0,1,1,1.5,1.5,104.5
"125",2018-06-13,"국회의원","광주시","서구갑",125970,74404,51566,59.0648567119155,"당선무효",3,"선거법위반(https://imnews.imbc.com/replay/2018/nwdesk/article/4522653_30181.html)","더불어민주당","송갑석","남",83.46,1,"민주평화당","김명진","남",16.53,19.8058950395399,66.93,0.669366936693669,0.330633063306331,2,2,118421,72654,45767,61.35,"국민의당","송기석",56.2,35.3,62.8113879003559,5,131513,85304,46209,64.86,"더불어민주당","송갑석",82.18,10.05,12.2292528595765,5,2020-04-15,672,1,2022-03-09,1365,2018-06-13,0,2018-06-13,0,3,68,23,"HONAM",1,52,3,3,1,1,-43.005492860816,7.57664217996336,3,"문재인",1,0,1,1,1.5,1.5,104.5
"126",2018-06-13,"국회의원","울산시","북구",158879,104110,54769,65.5278545308065,"당선무효",3,"선거법위반(https://www.chosun.com/site/data/html_dir/2017/12/22/2017122201623.html)","더불어민주당","이상현","남",48.47,1,"자유한국당","박대동","남",29.21,60.2640808747679,19.26,0.24794026776519,0.752059732234809,6,4,145738,91762,53976,62.96,"무소속","윤종오",61.49,38.51,62.6280696048138,2,173616,118334,55282,68.16,"더불어민주당","이상헌",46.34,40.89,88.2391022874407,7,2020-04-15,672,1,2022-03-09,1365,2018-06-13,0,2018-06-13,0,3,68,23,"PK",1,52,-4,1,1,1,-2.36398873004589,-27.9750214126728,3,"문재인",0,1,1,1,1.5,1.5,104.5
"127",2018-06-13,"국회의원","충청북도","제천시단양군",141155,89317,51838,63.2758315327123,"당선무효",3,"선거법위반(https://www.chosun.com/site/data/html_dir/2018/05/11/2018051101144.html)","더불어민주당","이후삼","남",47.74,1,"자유한국당","엄태영","남",44.88,94.0092165898618,2.86,0.0308788598574822,0.969121140142518,3,3,139237,79461,59776,57.07,"새누리당","권석창",58.19,32.91,56.5561092971301,3,142331,95826,46505,67.33,"미래통합당","엄태영",54.1,44.6,82.4399260628466,3,2020-04-15,672,1,2022-03-09,1365,2018-06-13,0,2018-06-13,0,3,68,23,"CH",1,52,0,0,0,1,37.4531072927317,11.5692905270152,1,"문재인",0,0,1,3,1.5,1.5,104.5
"128",2018-06-13,"국회의원","충청남도","천안시갑",165582,80518,85064,48.6272662487468,"당선무효",3,"선거법위반(https://www.chosun.com/site/data/html_dir/2018/02/13/2018021301024.html)","더불어민주당","이규희","남",57.78,1,"자유한국당","길환영","남",32.85,56.8535825545171,24.93,0.275074478649454,0.724925521350546,4,4,168194,81872,86322,48.68,"새누리당","박찬우",45.46,34.62,76.15486141663,4,168135,81872,86263,48.69,"더불어민주당","문진석",49.34,47.92,97.1220105391163,4,2020-04-15,672,1,2022-03-09,1365,2018-06-13,0,2018-06-13,0,3,68,23,"CH",1,52,0,0,0,1,-19.3012788621129,-40.2684279845992,1,"문재인",0,0,1,2,1.5,1.5,104.5
"129",2018-06-13,"국회의원","충청남도","천안시병",138885,76612,62273,55.1621845411672,"사직",1,"충남지사후보확정후사퇴(https://news.kbs.co.kr/news/view.do?ncd=3644353)","더불어민주당","윤일규","남",62.18,1,"자유한국당","이창수","남",28.39,45.6577677709875,33.79,0.373081594346914,0.626918405653086,4,3,138233,77955,60278,56.39,"더불어민주당","양승조",49.67,30.18,60.761022750151,3,147013,91005,56008,61.9,"더불어민주당","이정문",48.01,41.04,85.4821912101645,4,2020-04-15,672,1,2022-03-09,1365,2018-06-13,0,2018-06-13,0,3,68,23,"CH",1,52,-1,0,1,1,-15.1032549791635,-39.8244234391771,3,"문재인",0,0,1,2,1.5,1.5,104.5
"130",2018-06-13,"국회의원","전라남도","영암군무안군신안군",150916,107739,43177,71.3900447931299,"당선무효",3,"선거법위반(https://imnews.imbc.com/replay/2018/nwdesk/article/4522653_30181.html)","더불어민주당","서삼석","남",67.97,1,"민주평화당","이윤석","남",32.03,47.1237310578196,35.94,0.3594,0.6406,2,2,151969,99925,52044,65.75,"국민의당","박준영",41.72,38.49,92.2579098753595,5,150986,99297,51689,65.77,"더불어민주당","서삼석",76.96,19.41,25.220893970894,4,2020-04-15,672,1,2022-03-09,1365,2018-06-13,0,2018-06-13,0,3,68,23,"HONAM",1,52,3,2,1,0,-45.1341788175399,21.9028370869257,3,"문재인",1,0,1,3,1.5,1.5,104.5
"131",2018-06-13,"국회의원","경상북도","김천시",119444,83553,35891,69.9516091222665,"사직",1,"인천시장후보확정후사퇴(https://news.kbs.co.kr/news/view.do?ncd=3644353)","자유한국당","송언석","남",50.32,1,"무소속","최대원","남",49.68,98.7281399046105,0.640000000000001,0.00640000000000001,0.9936,2,2,117499,68689,48810,58.46,"새누리당","이철우",64.26,35.74,55.6178026766262,2,120702,81909,38793,67.86,"미래통합당","송언석",74.52,21,28.1803542673108,5,2020-04-15,672,1,2022-03-09,1365,2018-06-13,0,2018-06-13,0,3,68,23,"TK",0,52,0,3,0,1,43.1103372279843,70.5477856372997,2,"문재인",0,1,1,2,1.5,1.5,104.5
"132",2018-06-13,"국회의원","경상남도","김해시을",191073,118088,72985,61.8025571378478,"사직",1,"경남지사후보확정후사퇴(https://news.kbs.co.kr/news/view.do?ncd=3644353)","더불어민주당","김정호","남",63.01,1,"자유한국당","서종길","남",27.56,43.7390890334867,35.45,0.391409959147621,0.608590040852379,4,3,185900,114233,71667,61.45,"더불어민주당","김경수",62.38,34.4,55.1458800897724,3,223167,145744,77423,65.31,"더불어민주당","김정호",49.67,41.61,83.772901147574,5,2020-04-15,672,1,2022-03-09,1365,2018-06-13,0,2018-06-13,0,3,68,23,"PK",1,52,-1,1,1,1,-11.4067910562856,-40.0338121140872,3,"문재인",0,1,1,2,1.5,1.5,104.5
"133",2019-04-03,"국회의원","경상남도","창원시성산구",183934,94113,89821,51.1667228462383,"사망",1,"https://imnews.imbc.com/replay/2018/nwdesk/article/4712937_30181.html","정의당","여영국","남",45.75,1,"자유한국당","강기윤","남",45.21,98.8196721311475,0.539999999999999,0.00593667546174141,0.994063324538259,6,4,184105,121774,62331,66.14,"정의당","노회찬",51.5,40.21,78.0776699029126,3,182830,131968,50862,72.18,"미래통합당","강기윤",47.3,34.89,73.7632135306554,6,2020-04-15,378,1,2022-03-09,1071,2022-06-01,1155,2020-04-15,378,2,46,44,"PK",0,37.2,-3,0,1,1,20.7420022282349,25.0564586004921,4,"문재인",0,1,1,2,0.6,0.4,104.9
"134",2019-04-03,"국회의원","경상남도","통영시고성군",155741,79711,76030,51.1817697330825,"피선거권상실",3,"정치자금법위반(https://www.yna.co.kr/view/MYH20181227006700038)","자유한국당","정점식","남",59.47,1,"더불어민주당","양문석","남",35.99,60.5179081890029,23.48,0.245966897129688,0.754033102870312,3,3,159810,58360,101450,36.52,"새누리당","이군현",0,0,0,1,155648,105084,50564,67.51,"미래통합당","정점식",58.34,38.92,66.7123757284882,4,2020-04-15,378,1,2022-03-09,1071,2022-06-01,1155,2020-04-15,378,2,46,44,"PK",0,37.2,-2,1,1,1,60.5179081890029,-6.1944675394853,2,"문재인",0,1,1,2,0.6,0.4,104.9
"135",2022-03-09,"국회의원","서울시","종로구",129514,98967,30547,76.4141328350603,"사직",1,"민주당 대선경선 패배 이후 사직(https://m.khan.co.kr/politics/assembly/article/202109152047025)","국민의힘","최재형","남",52.09,1,"무소속","김영종","남",28.41,54.5402188519869,23.68,0.29416149068323,0.70583850931677,11,3,134516,95239,39277,70.8,"더불어민주당","이낙연",58.38,39.97,68.4652278177458,12,NA,NA,NA,NA,NA,NA,NA,NA,NA,NA,2024-04-10,763,2,2022-03-09,0,2022-06-01,84,2022-03-09,0,0,51,44,"OTHERS",1,39.2,1,-11,1,1,-13.9250089657589,54.5402188519869,2,"문재인",0,1,1,1,0.8,NA,NA
"136",2022-03-09,"국회의원","서울시","서초구갑",148291,117847,30444,79.4700959599706,"사직",2,"부친 투기 정황으로 인하여 시작(https://www.hani.co.kr/arti/politics/assembly/1011490.html)","국민의힘","조온희","여",72.72,1,"더불어민주당","이정근","남",24.48,33.6633663366337,48.24,0.496296296296296,0.503703703703704,5,2,162807,117502,45305,72.17,"미래통합당","윤희숙",62.6,36.9,58.9456869009585,3,NA,NA,NA,NA,NA,NA,NA,NA,NA,NA,2024-04-10,763,2,2022-03-09,0,2022-06-01,84,2022-03-09,0,0,51,44,"OTHERS",1,39.2,-2,-5,1,1,-25.2823205643248,33.6633663366337,2,"문재인",0,1,1,1,0.8,NA,NA
"137",2022-03-09,"국회의원","대구시","중구남구",195472,148606,46866,76.0241876074323,"사직",2,"화천대유 비리로 인한 자진사퇴 (https://www.hani.co.kr/arti/politics/politics_general/1018920.html)","무소속","임병헌","남",22.39,1,"국민의당","권영현","남",21.56,96.2929879410451,0.830000000000002,0.0188850967007964,0.981114903299204,6,6,201074,129936,71138,64.62,"미래통합당","곽상도",67.49,31.01,45.947547784857,3,NA,NA,NA,NA,NA,NA,NA,NA,NA,NA,2024-04-10,763,2,2022-03-09,0,2022-06-01,84,2022-03-09,0,0,51,44,"TK",0,39.2,-3,-6,1,1,50.3454401561881,96.2929879410451,2,"문재인",0,1,1,1,0.8,NA,NA
"138",2022-03-09,"국회의원","경기도","안성시",162399,116898,45501,71.9819703323296,"당선무효",3,"더불어민주당 이규민 의원의 선거법 위반 혐의로 인한 당선무효(https://www.hani.co.kr/arti/society/society_general/1013340.html)","국민의힘","김학용","남",54.18,4,"무소속","이기영","남",25.66,47.3606496862311,28.52,0.357214428857715,0.642785571142285,3,3,155021,98475,56546,63.52,"더불어민주당","이규민",51.44,47.13,91.6213063763608,3,NA,NA,NA,NA,NA,NA,NA,NA,NA,NA,2024-04-10,763,2,2022-03-09,0,2022-06-01,84,2022-03-09,0,0,51,44,"OTHERS",1,39.2,0,-3,0,1,-44.2606566901297,47.3606496862311,2,"문재인",0,1,1,2,0.8,NA,NA
"139",2022-03-09,"국회의원","충청북도","청주시상당구",162901,121806,41095,74.7730216511869,"당선무효",3,"정정순 의원의 회계부정 혐의로 당선무효(https://www.yna.co.kr/view/AKR20210831048200064)","국민의힘","정우택","남",56.92,5,"무소속","김시진","남",32.81,57.6423049894589,24.11,0.26869497381032,0.73130502618968,4,3,151173,98093,53080,64.89,"더불어민주당","정정순",47.09,43.97,93.3743894669781,5,NA,NA,NA,NA,NA,NA,NA,NA,NA,NA,2024-04-10,763,2,2022-03-09,0,2022-06-01,84,2022-03-09,0,0,51,44,"CH",1,39.2,1,-4,1,1,-35.7320844775192,57.6423049894589,2,"문재인",0,1,1,2,0.8,NA,NA
"140",2022-06-01,"국회의원","대구시","수성구을",145721,65533,80188,44.9715552322589,"사직",1,"홍준표, 의원직 사퇴…""26년 만에 여의도 정치 떠나니 만감 교차"", http://daily.hankooki.com/news/articleView.html?idxno=817247","국민의힘","이인선","여",79.78,1,"더불어민주당","김용락","남",20.21,25.3321634494861,59.57,0.595759575957596,0.404240424042404,2,2,149960,105066,44894,70.06,"무소속","홍준표",38.51,35.77,92.8849649441703,4,NA,NA,NA,NA,NA,NA,NA,NA,NA,NA,2024-04-10,679,1,2027-03-03,1736,2022-06-01,0,2022-06-01,0,4,54.1,37.7,"TK",1,49.8,2,-2,1,1,-67.5528014946843,25.3321634494861,3,"윤석열",1,0,1,1,0.2,NA,NA
"141",2022-06-01,"국회의원","인천시","계양을",137090,82434,54656,60.1313006054417,"사직",1,"송영길 사퇴 인천 계양을 보선…'이재명 등판론' 고개, https://www.yna.co.kr/view/AKR20220501047400065","더불어민주당","이재명","남",55.24,1,"국민의힘","윤형선","남",44.75,81.0101375814627,10.49,0.104910491049105,0.895089508950895,2,2,142502,89298,53204,62.66,"더불어민주당","송영길",58.67,38.74,66.0303391852736,4,NA,NA,NA,NA,NA,NA,NA,NA,NA,NA,2024-04-10,679,1,2027-03-03,1736,2022-06-01,0,2022-06-01,0,4,54.1,37.7,"OTHERS",1,49.8,2,-2,1,1,14.9797983961891,81.0101375814627,2,"윤석열",0,0,1,1,0.2,NA,NA
"142",2022-06-01,"국회의원","경기도","성남시분당구갑",213963,136516,77447,63.8035548202259,"사직",1,"김은혜 의원이 국민의힘 후보로 경기도지사에 출마하게 되어 보궐선거가 실시, https://m8.hankookilbo.com/News/Read/A2022052717470001203","국민의힘","안철수","남",62.5,2,"더불어민주당","김병관","남",37.49,59.984,25.01,0.25012501250125,0.74987498749875,2,2,208104,157419,50685,75.64,"미래통합당","김은혜",50.06,49.34,98.5617259288853,2,NA,NA,NA,NA,NA,NA,NA,NA,NA,NA,2024-04-10,679,1,2027-03-03,1736,2022-06-01,0,2022-06-01,0,4,54.1,37.7,"OTHERS",1,49.8,0,-2,0,1,-38.5777259288853,59.984,3,"윤석열",0,0,1,2,0.2,NA,NA
"143",2022-06-01,"국회의원","강원도","원주시갑",158304,80817,77487,51.0517738023044,"사직",1,"민주당, 강원지사에 이광재 전략공천…12년만에 재출마, https://www.yna.co.kr/view/MYH20220422024000038","국민의힘","박정하","남",57.79,1,"더불어민주당","원창묵","남",42.2,73.0230143623464,15.59,0.155915591559156,0.844084408440844,2,2,152303,94018,58285,61.73,"더불어민주당","이광재",48.56,41.13,84.6993410214168,3,NA,NA,NA,NA,NA,NA,NA,NA,NA,NA,2024-04-10,679,1,2027-03-03,1736,2022-06-01,0,2022-06-01,0,4,54.1,37.7,"OTHERS",1,49.8,1,-2,1,1,-11.6763266590704,73.0230143623464,1,"윤석열",0,0,1,2,0.2,NA,NA
"144",2022-06-01,"국회의원","충청남도","보령시서천군",131968,81758,50210,61.9528976721629,"사직",1,"김태흠 의원이 제8회 전국동시지방선거 충청남도지사에 출마, https://www.donga.com/news/Society/article/all/20220419/112962432/1","국민의힘","장동혁","남",51.01,1,"더불어민주당","나소열","남",48.98,96.0203881591845,2.03,0.0203020302030203,0.97969796979698,2,2,135257,92673,42584,68.52,"미래통합당","김태흠",50.86,49.13,96.5985057019269,2,NA,NA,NA,NA,NA,NA,NA,NA,NA,NA,2024-04-10,679,1,2027-03-03,1736,2022-06-01,0,2022-06-01,0,4,54.1,37.7,"CH",1,49.8,0,-2,0,1,-0.578117542742405,96.0203881591845,3,"윤석열",0,0,1,3,0.2,NA,NA
"145",2022-06-01,"국회의원","경상남도","창원시의창구",219449,113016,106433,51.4998929136155,"사직",1,"현역 의원인 박완수 의원이 경상남도지사에 출마하며 보궐선거 실시, http://www.ohmynews.com/NWS_Web/View/at_pg.aspx?CNTN_CD=A0002829058","국민의힘","김영선","여",62.74,5,"더불어민주당","김지수","여",37.25,59.3720114759324,25.49,0.254925492549255,0.745074507450745,2,2,221849,152046,69803,68.54,"미래통합당","박완수",59.04,36.7,62.1612466124661,2,NA,NA,NA,NA,NA,NA,NA,NA,NA,NA,2024-04-10,679,1,2027-03-03,1736,2022-06-01,0,2022-06-01,0,4,54.1,37.7,"PK",1,49.8,0,-2,0,1,-2.7892351365337,59.3720114759324,3,"윤석열",1,0,1,3,0.2,NA,NA
"146",2022-06-01,"국회의원","제주시","제주을",194534,107782,86752,55.4052247936093,"사직",1,"현역 오영훈 의원이 8회 지선 제주특별자치도지사에 출마하면서 의원직을 사퇴, 보궐선거, https://www.jejunews.com/news/articleView.html?idxno=2192140","더불어민주당","김한규","남",49.41,1,"국민의힘","부상일","남",45.14,91.358024691358,4.27,0.0451612903225806,0.954838709677419,3,3,191862,122883,68979,64.05,"더불어민주당","오영훈",55.35,41.06,74.1824751580849,2,NA,NA,NA,NA,NA,NA,NA,NA,NA,NA,2024-04-10,679,1,2027-03-03,1736,2022-06-01,0,2022-06-01,0,4,54.1,37.7,"OTHERS",0,49.8,-1,-3,1,1,17.1755495332731,91.358024691358,2,"윤석열",0,0,1,2,0.2,NA,NA
